"plot_id";"plot_name";"survey_year";"survey_date";"leaf_type";"sample_id";"species";"leaf_age_class";"gew100"
"ALP";"Alptal";1995;"1995-10-26";1;"9950";"Picea abies";1;0.31
"ALP";"Alptal";1995;"1995-10-26";1;"9951";"Picea abies";1;0.27
"ALP";"Alptal";1995;"1995-10-26";1;"9952";"Picea abies";1;0.5
"ALP";"Alptal";1995;"1995-10-26";1;"9953";"Picea abies";1;0.28
"ALP";"Alptal";1995;"1995-10-26";1;"9954";"Picea abies";1;0.43
"ALP";"Alptal";1995;"1995-10-26";1;"9955";"Picea abies";1;0.43
"ALP";"Alptal";1995;"1995-10-26";1;"9950";"Picea abies";2;0.38
"ALP";"Alptal";1995;"1995-10-26";1;"9951";"Picea abies";2;0.48
"ALP";"Alptal";1995;"1995-10-26";1;"9952";"Picea abies";2;0.64
"ALP";"Alptal";1995;"1995-10-26";1;"9953";"Picea abies";2;0.44
"ALP";"Alptal";1995;"1995-10-26";1;"9954";"Picea abies";2;0.57
"ALP";"Alptal";1995;"1995-10-26";1;"9955";"Picea abies";2;0.67
"ALP";"Alptal";1997;"1997-10-20";1;"9951";"Picea abies";1;0.44
"ALP";"Alptal";1997;"1997-10-20";1;"9952";"Picea abies";1;0.59
"ALP";"Alptal";1997;"1997-10-20";1;"9953";"Picea abies";1;0.34
"ALP";"Alptal";1997;"1997-10-20";1;"9954";"Picea abies";1;0.56
"ALP";"Alptal";1997;"1997-10-20";1;"9955";"Picea abies";1;0.46
"ALP";"Alptal";1997;"1997-10-20";1;"9952";"Picea abies";2;0.69
"ALP";"Alptal";1997;"1997-10-20";1;"9953";"Picea abies";2;0.5
"ALP";"Alptal";1997;"1997-10-20";1;"9954";"Picea abies";2;0.62
"ALP";"Alptal";1997;"1997-10-20";1;"9955";"Picea abies";2;0.48
"ALP";"Alptal";1997;"1997-10-20";1;"9951";"Picea abies";2;0.5
"ALP";"Alptal";1999;"1999-09-30";1;"9951";"Picea abies";1;0.65
"ALP";"Alptal";1999;"1999-09-30";1;"9952";"Picea abies";1;0.5
"ALP";"Alptal";1999;"1999-09-30";1;"9953";"Picea abies";1;0.4
"ALP";"Alptal";1999;"1999-09-30";1;"9954";"Picea abies";1;0.58
"ALP";"Alptal";1999;"1999-09-30";1;"9955";"Picea abies";1;0.35
"ALP";"Alptal";1999;"1999-09-30";1;"9951";"Picea abies";2;0.55
"ALP";"Alptal";1999;"1999-09-30";1;"9952";"Picea abies";2;0.53
"ALP";"Alptal";1999;"1999-09-30";1;"9953";"Picea abies";2;0.48
"ALP";"Alptal";1999;"1999-09-30";1;"9954";"Picea abies";2;0.65
"ALP";"Alptal";1999;"1999-09-30";1;"9955";"Picea abies";2;0.4
"ALP";"Alptal";2001;"2001-10-08";1;"9951";"Picea abies";1;0.65
"ALP";"Alptal";2001;"2001-10-08";1;"9952";"Picea abies";1;0.58
"ALP";"Alptal";2001;"2001-10-08";1;"9953";"Picea abies";1;0.51
"ALP";"Alptal";2001;"2001-10-08";1;"9954";"Picea abies";1;0.75
"ALP";"Alptal";2001;"2001-10-08";1;"9955";"Picea abies";1;0.49
"ALP";"Alptal";2001;"2001-10-08";1;"9951";"Picea abies";2;0.71
"ALP";"Alptal";2001;"2001-10-08";1;"9952";"Picea abies";2;0.75
"ALP";"Alptal";2001;"2001-10-08";1;"9953";"Picea abies";2;0.54
"ALP";"Alptal";2001;"2001-10-08";1;"9954";"Picea abies";2;0.62
"ALP";"Alptal";2001;"2001-10-08";1;"9955";"Picea abies";2;0.44
"ALP";"Alptal";2003;"2003-10-02";1;"9951";"Picea abies";1;0.42
"ALP";"Alptal";2003;"2003-10-02";1;"9952";"Picea abies";1;0.4
"ALP";"Alptal";2003;"2003-10-02";1;"9953";"Picea abies";1;0.33
"ALP";"Alptal";2003;"2003-10-02";1;"9954";"Picea abies";1;0.41
"ALP";"Alptal";2003;"2003-10-02";1;"9955";"Picea abies";1;0.3
"ALP";"Alptal";2003;"2003-10-02";1;"9951";"Picea abies";2;0.62
"ALP";"Alptal";2003;"2003-10-02";1;"9952";"Picea abies";2;0.56
"ALP";"Alptal";2003;"2003-10-02";1;"9953";"Picea abies";2;0.51
"ALP";"Alptal";2003;"2003-10-02";1;"9954";"Picea abies";2;0.53
"ALP";"Alptal";2003;"2003-10-02";1;"9955";"Picea abies";2;0.52
"ALP";"Alptal";2005;"2005-10-24";1;"9951";"Picea abies";1;0.59
"ALP";"Alptal";2005;"2005-10-24";1;"9952";"Picea abies";1;0.62
"ALP";"Alptal";2005;"2005-10-24";1;"9953";"Picea abies";1;0.63
"ALP";"Alptal";2005;"2005-10-24";1;"9954";"Picea abies";1;0.73
"ALP";"Alptal";2005;"2005-10-24";1;"9955";"Picea abies";1;0.33
"ALP";"Alptal";2005;"2005-10-24";1;"9951";"Picea abies";2;0.64
"ALP";"Alptal";2005;"2005-10-24";1;"9952";"Picea abies";2;0.52
"ALP";"Alptal";2005;"2005-10-24";1;"9953";"Picea abies";2;0.49
"ALP";"Alptal";2005;"2005-10-24";1;"9954";"Picea abies";2;0.62
"ALP";"Alptal";2005;"2005-10-24";1;"9955";"Picea abies";2;0.46
"ALP";"Alptal";2007;"2007-10-12";1;"9951";"Picea abies";1;0.43
"ALP";"Alptal";2007;"2007-10-12";1;"9952";"Picea abies";1;0.36
"ALP";"Alptal";2007;"2007-10-12";1;"9953";"Picea abies";1;0.47
"ALP";"Alptal";2007;"2007-10-12";1;"9954";"Picea abies";1;0.42
"ALP";"Alptal";2007;"2007-10-12";1;"9955";"Picea abies";1;0.26
"ALP";"Alptal";2007;"2007-10-12";1;"9951";"Picea abies";2;0.54
"ALP";"Alptal";2007;"2007-10-12";1;"9952";"Picea abies";2;0.5
"ALP";"Alptal";2007;"2007-10-12";1;"9953";"Picea abies";2;0.44
"ALP";"Alptal";2007;"2007-10-12";1;"9954";"Picea abies";2;0.56
"ALP";"Alptal";2007;"2007-10-12";1;"9955";"Picea abies";2;0.32
"ALP";"Alptal";2009;"2009-10-26";1;"9951";"Picea abies";1;0.44
"ALP";"Alptal";2009;"2009-10-26";1;"9952";"Picea abies";1;0.45
"ALP";"Alptal";2009;"2009-10-26";1;"9953";"Picea abies";1;0.4
"ALP";"Alptal";2009;"2009-10-26";1;"9954";"Picea abies";1;0.35
"ALP";"Alptal";2009;"2009-10-26";1;"9955";"Picea abies";1;0.34
"ALP";"Alptal";2009;"2009-10-26";1;"9952";"Picea abies";2;0.55
"ALP";"Alptal";2009;"2009-10-26";1;"9953";"Picea abies";2;0.51
"ALP";"Alptal";2009;"2009-10-26";1;"9954";"Picea abies";2;0.45
"ALP";"Alptal";2009;"2009-10-26";1;"9955";"Picea abies";2;0.42
"ALP";"Alptal";2009;"2009-10-26";1;"9951";"Picea abies";2;0.54
"ALP";"Alptal";2011;"2011-10-10";1;"9955";"Picea abies";1;0.27
"ALP";"Alptal";2011;"2011-10-10";1;"9952";"Picea abies";1;0.62
"ALP";"Alptal";2011;"2011-10-10";1;"9954";"Picea abies";1;0.51
"ALP";"Alptal";2011;"2011-10-10";1;"9951";"Picea abies";1;0.39
"ALP";"Alptal";2011;"2011-10-10";1;"9953";"Picea abies";1;0.35
"ALP";"Alptal";2011;"2011-10-10";1;"9951";"Picea abies";2;0.65
"ALP";"Alptal";2011;"2011-10-10";1;"9952";"Picea abies";2;0.62
"ALP";"Alptal";2011;"2011-10-10";1;"9953";"Picea abies";2;0.61
"ALP";"Alptal";2011;"2011-10-10";1;"9954";"Picea abies";2;0.61
"ALP";"Alptal";2011;"2011-10-10";1;"9955";"Picea abies";2;0.41
"ALP";"Alptal";2013;"2013-10-17";1;"9953";"Picea abies";1;0.61
"ALP";"Alptal";2013;"2013-10-17";1;"9956";"Picea abies";1;0.27
"ALP";"Alptal";2013;"2013-10-17";1;"9951";"Picea abies";1;0.52
"ALP";"Alptal";2013;"2013-10-17";1;"9952";"Picea abies";1;0.59
"ALP";"Alptal";2013;"2013-10-17";1;"9955";"Picea abies";1;0.46
"ALP";"Alptal";2013;"2013-10-17";1;"9952";"Picea abies";2;0.83
"ALP";"Alptal";2013;"2013-10-17";1;"9956";"Picea abies";2;0.35
"ALP";"Alptal";2013;"2013-10-17";1;"9951";"Picea abies";2;0.64
"ALP";"Alptal";2013;"2013-10-17";1;"9953";"Picea abies";2;0.79
"ALP";"Alptal";2013;"2013-10-17";1;"9955";"Picea abies";2;0.59
"ALP";"Alptal";2015;"2015-10-26";1;"9953";"Picea abies";1;0.27
"ALP";"Alptal";2015;"2015-10-26";1;"9951";"Picea abies";1;0.5
"ALP";"Alptal";2015;"2015-10-26";1;"9952";"Picea abies";1;0.52
"ALP";"Alptal";2015;"2015-10-26";1;"9955";"Picea abies";1;0.35
"ALP";"Alptal";2015;"2015-10-26";1;"9956";"Picea abies";1;0.3
"ALP";"Alptal";2015;"2015-10-26";1;"9951";"Picea abies";2;0.63
"ALP";"Alptal";2015;"2015-10-26";1;"9952";"Picea abies";2;0.32
"ALP";"Alptal";2015;"2015-10-26";1;"9953";"Picea abies";2;0.3
"ALP";"Alptal";2015;"2015-10-26";1;"9955";"Picea abies";2;0.41
"ALP";"Alptal";2015;"2015-10-26";1;"9956";"Picea abies";2;0.25
"ALP";"Alptal";2017;"2017-10-19";1;"9951";"Picea abies";1;0.43
"ALP";"Alptal";2017;"2017-10-19";1;"9952";"Picea abies";1;0.56
"ALP";"Alptal";2017;"2017-10-19";1;"9953";"Picea abies";1;0.44
"ALP";"Alptal";2017;"2017-10-19";1;"9955";"Picea abies";1;0.39
"ALP";"Alptal";2017;"2017-10-19";1;"9956";"Picea abies";1;0.3
"ALP";"Alptal";2017;"2017-10-19";1;"9951";"Picea abies";2;0.55
"ALP";"Alptal";2017;"2017-10-19";1;"9952";"Picea abies";2;0.5
"ALP";"Alptal";2017;"2017-10-19";1;"9953";"Picea abies";2;0.62
"ALP";"Alptal";2017;"2017-10-19";1;"9955";"Picea abies";2;0.39
"ALP";"Alptal";2017;"2017-10-19";1;"9956";"Picea abies";2;0.34
"ALP";"Alptal";2019;"2019-11-11";1;"9951";"Picea abies";1;0.46
"ALP";"Alptal";2019;"2019-11-11";1;"9952";"Picea abies";1;0.52
"ALP";"Alptal";2019;"2019-11-11";1;"9953";"Picea abies";1;0.37
"ALP";"Alptal";2019;"2019-11-11";1;"9955";"Picea abies";1;0.34
"ALP";"Alptal";2019;"2019-11-11";1;"9956";"Picea abies";1;0.52
"ALP";"Alptal";2019;"2019-11-11";1;"9951";"Picea abies";2;0.44
"ALP";"Alptal";2019;"2019-11-11";1;"9952";"Picea abies";2;0.48
"ALP";"Alptal";2019;"2019-11-11";1;"9953";"Picea abies";2;0.33
"ALP";"Alptal";2019;"2019-11-11";1;"9955";"Picea abies";2;0.35
"ALP";"Alptal";2019;"2019-11-11";1;"9956";"Picea abies";2;0.51
"ALP";"Alptal";2021;"2021-10-21";1;"9951";"Picea abies";1;0.43
"ALP";"Alptal";2021;"2021-10-21";1;"9952";"Picea abies";1;0.54
"ALP";"Alptal";2021;"2021-10-21";1;"9955";"Picea abies";1;0.49
"ALP";"Alptal";2021;"2021-10-21";1;"9956";"Picea abies";1;0.3
"ALP";"Alptal";2021;"2021-10-21";1;"9953";"Picea abies";1;0.54
"ALP";"Alptal";2021;"2021-10-21";1;"9952";"Picea abies";2;0.46
"ALP";"Alptal";2021;"2021-10-21";1;"9953";"Picea abies";2;0.29
"ALP";"Alptal";2021;"2021-10-21";1;"9956";"Picea abies";2;0.16
"ALP";"Alptal";2021;"2021-10-21";1;"9951";"Picea abies";2;0.47
"ALP";"Alptal";2021;"2021-10-21";1;"9955";"Picea abies";2;0.35
"ALP";"Alptal";2023;"2023-10-19";1;"9955";"Picea abies";1;0.34
"ALP";"Alptal";2023;"2023-10-19";1;"9956";"Picea abies";1;0.24
"ALP";"Alptal";2023;"2023-10-19";1;"9951";"Picea abies";1;0.44
"ALP";"Alptal";2023;"2023-10-19";1;"9952";"Picea abies";1;0.4
"ALP";"Alptal";2023;"2023-10-19";1;"9953";"Picea abies";1;0.48
"ALP";"Alptal";2023;"2023-10-19";1;"9951";"Picea abies";2;0.45
"ALP";"Alptal";2023;"2023-10-19";1;"9952";"Picea abies";2;0.55
"ALP";"Alptal";2023;"2023-10-19";1;"9953";"Picea abies";2;0.44
"ALP";"Alptal";2023;"2023-10-19";1;"9956";"Picea abies";2;0.34
"ALP";"Alptal";2023;"2023-10-19";1;"9955";"Picea abies";2;0.58
"BEA";"Beatenberg";1997;"1997-10-27";1;"9901";"Picea abies";1;0.21
"BEA";"Beatenberg";1997;"1997-10-27";1;"9902";"Picea abies";1;0.54
"BEA";"Beatenberg";1997;"1997-10-27";1;"9903";"Picea abies";1;0.45
"BEA";"Beatenberg";1997;"1997-10-27";1;"9904";"Picea abies";1;0.61
"BEA";"Beatenberg";1997;"1997-10-27";1;"9905";"Picea abies";1;0.55
"BEA";"Beatenberg";1997;"1997-10-27";1;"9901";"Picea abies";2;0.4
"BEA";"Beatenberg";1997;"1997-10-27";1;"9902";"Picea abies";2;0.63
"BEA";"Beatenberg";1997;"1997-10-27";1;"9903";"Picea abies";2;0.69
"BEA";"Beatenberg";1997;"1997-10-27";1;"9904";"Picea abies";2;0.8
"BEA";"Beatenberg";1997;"1997-10-27";1;"9905";"Picea abies";2;0.72
"BEA";"Beatenberg";1999;"1999-10-07";1;"9901";"Picea abies";1;0.44
"BEA";"Beatenberg";1999;"1999-10-07";1;"9902";"Picea abies";1;0.55
"BEA";"Beatenberg";1999;"1999-10-07";1;"9903";"Picea abies";1;0.58
"BEA";"Beatenberg";1999;"1999-10-07";1;"9904";"Picea abies";1;0.67
"BEA";"Beatenberg";1999;"1999-10-07";1;"9905";"Picea abies";1;0.67
"BEA";"Beatenberg";1999;"1999-10-07";1;"9902";"Picea abies";2;0.53
"BEA";"Beatenberg";1999;"1999-10-07";1;"9903";"Picea abies";2;0.42
"BEA";"Beatenberg";1999;"1999-10-07";1;"9904";"Picea abies";2;0.67
"BEA";"Beatenberg";1999;"1999-10-07";1;"9905";"Picea abies";2;0.61
"BEA";"Beatenberg";1999;"1999-10-07";1;"9901";"Picea abies";2;0.39
"BEA";"Beatenberg";2001;"2001-10-04";1;"9901";"Picea abies";1;0.27
"BEA";"Beatenberg";2001;"2001-10-04";1;"9902";"Picea abies";1;0.55
"BEA";"Beatenberg";2001;"2001-10-04";1;"9903";"Picea abies";1;0.65
"BEA";"Beatenberg";2001;"2001-10-04";1;"9904";"Picea abies";1;0.68
"BEA";"Beatenberg";2001;"2001-10-04";1;"9905";"Picea abies";1;0.82
"BEA";"Beatenberg";2001;"2001-10-04";1;"9901";"Picea abies";2;0.27
"BEA";"Beatenberg";2001;"2001-10-04";1;"9902";"Picea abies";2;0.57
"BEA";"Beatenberg";2001;"2001-10-04";1;"9903";"Picea abies";2;0.55
"BEA";"Beatenberg";2001;"2001-10-04";1;"9904";"Picea abies";2;0.72
"BEA";"Beatenberg";2001;"2001-10-04";1;"9905";"Picea abies";2;0.74
"BEA";"Beatenberg";2003;"2003-10-01";1;"9901";"Picea abies";1;0.27
"BEA";"Beatenberg";2003;"2003-10-01";1;"9902";"Picea abies";1;0.47
"BEA";"Beatenberg";2003;"2003-10-01";1;"9903";"Picea abies";1;0.42
"BEA";"Beatenberg";2003;"2003-10-01";1;"9904";"Picea abies";1;0.66
"BEA";"Beatenberg";2003;"2003-10-01";1;"9905";"Picea abies";1;0.51
"BEA";"Beatenberg";2003;"2003-10-01";1;"9901";"Picea abies";2;0.27
"BEA";"Beatenberg";2003;"2003-10-01";1;"9902";"Picea abies";2;0.51
"BEA";"Beatenberg";2003;"2003-10-01";1;"9903";"Picea abies";2;0.41
"BEA";"Beatenberg";2003;"2003-10-01";1;"9904";"Picea abies";2;0.7
"BEA";"Beatenberg";2003;"2003-10-01";1;"9905";"Picea abies";2;0.62
"BEA";"Beatenberg";2005;"2005-10-04";1;"9905";"Picea abies";1;0.7
"BEA";"Beatenberg";2005;"2005-10-04";1;"9901";"Picea abies";1;0.28
"BEA";"Beatenberg";2005;"2005-10-04";1;"9902";"Picea abies";1;0.48
"BEA";"Beatenberg";2005;"2005-10-04";1;"9903";"Picea abies";1;0.54
"BEA";"Beatenberg";2005;"2005-10-04";1;"9904";"Picea abies";1;0.64
"BEA";"Beatenberg";2005;"2005-10-04";1;"9901";"Picea abies";2;0.27
"BEA";"Beatenberg";2005;"2005-10-04";1;"9902";"Picea abies";2;0.42
"BEA";"Beatenberg";2005;"2005-10-04";1;"9903";"Picea abies";2;0.45
"BEA";"Beatenberg";2005;"2005-10-04";1;"9904";"Picea abies";2;0.52
"BEA";"Beatenberg";2005;"2005-10-04";1;"9905";"Picea abies";2;0.52
"BEA";"Beatenberg";2007;"2007-10-10";1;"9901";"Picea abies";1;0.24
"BEA";"Beatenberg";2007;"2007-10-10";1;"9902";"Picea abies";1;0.35
"BEA";"Beatenberg";2007;"2007-10-10";1;"9903";"Picea abies";1;0.45
"BEA";"Beatenberg";2007;"2007-10-10";1;"9904";"Picea abies";1;0.51
"BEA";"Beatenberg";2007;"2007-10-10";1;"9905";"Picea abies";1;0.59
"BEA";"Beatenberg";2007;"2007-10-10";1;"9901";"Picea abies";2;0.29
"BEA";"Beatenberg";2007;"2007-10-10";1;"9902";"Picea abies";2;0.44
"BEA";"Beatenberg";2007;"2007-10-10";1;"9903";"Picea abies";2;0.56
"BEA";"Beatenberg";2007;"2007-10-10";1;"9904";"Picea abies";2;0.37
"BEA";"Beatenberg";2007;"2007-10-10";1;"9905";"Picea abies";2;0.67
"BEA";"Beatenberg";2009;"2009-10-14";1;"9901";"Picea abies";1;0.25
"BEA";"Beatenberg";2009;"2009-10-14";1;"9902";"Picea abies";1;0.59
"BEA";"Beatenberg";2009;"2009-10-14";1;"9903";"Picea abies";1;0.48
"BEA";"Beatenberg";2009;"2009-10-14";1;"9904";"Picea abies";1;0.71
"BEA";"Beatenberg";2009;"2009-10-14";1;"9905";"Picea abies";1;0.53
"BEA";"Beatenberg";2009;"2009-10-14";1;"9903";"Picea abies";2;0.55
"BEA";"Beatenberg";2009;"2009-10-14";1;"9904";"Picea abies";2;0.85
"BEA";"Beatenberg";2009;"2009-10-14";1;"9905";"Picea abies";2;0.84
"BEA";"Beatenberg";2009;"2009-10-14";1;"9901";"Picea abies";2;0.24
"BEA";"Beatenberg";2009;"2009-10-14";1;"9902";"Picea abies";2;0.62
"BEA";"Beatenberg";2011;"2011-10-11";1;"9903";"Picea abies";1;0.38
"BEA";"Beatenberg";2011;"2011-10-11";1;"9904";"Picea abies";1;0.32
"BEA";"Beatenberg";2011;"2011-10-11";1;"9901";"Picea abies";1;0.22
"BEA";"Beatenberg";2011;"2011-10-11";1;"9902";"Picea abies";1;0.25
"BEA";"Beatenberg";2011;"2011-10-11";1;"9905";"Picea abies";1;0.34
"BEA";"Beatenberg";2011;"2011-10-11";1;"9903";"Picea abies";2;0.58
"BEA";"Beatenberg";2011;"2011-10-11";1;"9905";"Picea abies";2;0.68
"BEA";"Beatenberg";2011;"2011-10-11";1;"9901";"Picea abies";2;0.33
"BEA";"Beatenberg";2011;"2011-10-11";1;"9902";"Picea abies";2;0.46
"BEA";"Beatenberg";2011;"2011-10-11";1;"9904";"Picea abies";2;0.68
"BEA";"Beatenberg";2013;"2013-10-21";1;"9906";"Picea abies";1;0.57
"BEA";"Beatenberg";2013;"2013-10-21";1;"9902";"Picea abies";1;0.47
"BEA";"Beatenberg";2013;"2013-10-21";1;"9905";"Picea abies";1;0.78
"BEA";"Beatenberg";2013;"2013-10-21";1;"9903";"Picea abies";1;0.63
"BEA";"Beatenberg";2013;"2013-10-21";1;"9904";"Picea abies";1;0.59
"BEA";"Beatenberg";2013;"2013-10-21";1;"9903";"Picea abies";2;0.58
"BEA";"Beatenberg";2013;"2013-10-21";1;"9905";"Picea abies";2;0.85
"BEA";"Beatenberg";2013;"2013-10-21";1;"9906";"Picea abies";2;0.64
"BEA";"Beatenberg";2013;"2013-10-21";1;"9902";"Picea abies";2;0.48
"BEA";"Beatenberg";2013;"2013-10-21";1;"9904";"Picea abies";2;0.8
"BEA";"Beatenberg";2015;"2015-10-14";1;"9903";"Picea abies";1;0.37
"BEA";"Beatenberg";2015;"2015-10-14";1;"9904";"Picea abies";1;0.45
"BEA";"Beatenberg";2015;"2015-10-14";1;"9905";"Picea abies";1;0.43
"BEA";"Beatenberg";2015;"2015-10-14";1;"9906";"Picea abies";1;0.38
"BEA";"Beatenberg";2015;"2015-10-14";1;"9902";"Picea abies";1;0.41
"BEA";"Beatenberg";2015;"2015-10-14";1;"9902";"Picea abies";2;0.31
"BEA";"Beatenberg";2015;"2015-10-14";1;"9903";"Picea abies";2;0.35
"BEA";"Beatenberg";2015;"2015-10-14";1;"9904";"Picea abies";2;0.37
"BEA";"Beatenberg";2015;"2015-10-14";1;"9905";"Picea abies";2;0.33
"BEA";"Beatenberg";2015;"2015-10-14";1;"9906";"Picea abies";2;0.4
"BEA";"Beatenberg";2017;"2017-10-18";1;"9902";"Picea abies";1;0.41
"BEA";"Beatenberg";2017;"2017-10-18";1;"9903";"Picea abies";1;0.42
"BEA";"Beatenberg";2017;"2017-10-18";1;"9904";"Picea abies";1;0.41
"BEA";"Beatenberg";2017;"2017-10-18";1;"9905";"Picea abies";1;0.51
"BEA";"Beatenberg";2017;"2017-10-18";1;"9906";"Picea abies";1;0.46
"BEA";"Beatenberg";2017;"2017-10-18";1;"9902";"Picea abies";2;0.45
"BEA";"Beatenberg";2017;"2017-10-18";1;"9903";"Picea abies";2;0.43
"BEA";"Beatenberg";2017;"2017-10-18";1;"9904";"Picea abies";2;0.4
"BEA";"Beatenberg";2017;"2017-10-18";1;"9905";"Picea abies";2;0.7
"BEA";"Beatenberg";2017;"2017-10-18";1;"9906";"Picea abies";2;0.43
"BEA";"Beatenberg";2019;"2019-10-23";1;"9903";"Picea abies";1;0.36
"BEA";"Beatenberg";2019;"2019-10-23";1;"9905";"Picea abies";1;0.53
"BEA";"Beatenberg";2019;"2019-10-23";1;"9906";"Picea abies";1;0.53
"BEA";"Beatenberg";2019;"2019-10-23";1;"9902";"Picea abies";1;0.27
"BEA";"Beatenberg";2019;"2019-10-23";1;"9904";"Picea abies";1;0.41
"BEA";"Beatenberg";2019;"2019-10-23";1;"9903";"Picea abies";2;0.46
"BEA";"Beatenberg";2019;"2019-10-23";1;"9905";"Picea abies";2;0.6
"BEA";"Beatenberg";2019;"2019-10-23";1;"9906";"Picea abies";2;0.54
"BEA";"Beatenberg";2019;"2019-10-23";1;"9902";"Picea abies";2;0.32
"BEA";"Beatenberg";2019;"2019-10-23";1;"9904";"Picea abies";2;0.63
"BEA";"Beatenberg";2021;"2021-10-20";1;"9903";"Picea abies";1;0.38
"BEA";"Beatenberg";2021;"2021-10-20";1;"9904";"Picea abies";1;0.51
"BEA";"Beatenberg";2021;"2021-10-20";1;"9906";"Picea abies";1;0.46
"BEA";"Beatenberg";2021;"2021-10-20";1;"9907";"Picea abies";1;0.66
"BEA";"Beatenberg";2021;"2021-10-20";1;"9905";"Picea abies";1;0.57
"BEA";"Beatenberg";2021;"2021-10-20";1;"9903";"Picea abies";2;0.2
"BEA";"Beatenberg";2021;"2021-10-20";1;"9904";"Picea abies";2;0.33
"BEA";"Beatenberg";2021;"2021-10-20";1;"9905";"Picea abies";2;0.33
"BEA";"Beatenberg";2021;"2021-10-20";1;"9906";"Picea abies";2;0.39
"BEA";"Beatenberg";2021;"2021-10-20";1;"9907";"Picea abies";2;0.4
"BEA";"Beatenberg";2023;"2023-10-18";1;"9904";"Picea abies";1;0.37
"BEA";"Beatenberg";2023;"2023-10-18";1;"9907";"Picea abies";1;0.6
"BEA";"Beatenberg";2023;"2023-10-18";1;"9903";"Picea abies";1;0.14
"BEA";"Beatenberg";2023;"2023-10-18";1;"9905";"Picea abies";1;0.35
"BEA";"Beatenberg";2023;"2023-10-18";1;"9906";"Picea abies";1;0.24
"BEA";"Beatenberg";2023;"2023-10-18";1;"9905";"Picea abies";2;0.32
"BEA";"Beatenberg";2023;"2023-10-18";1;"9903";"Picea abies";2;0.44
"BEA";"Beatenberg";2023;"2023-10-18";1;"9904";"Picea abies";2;0.49
"BEA";"Beatenberg";2023;"2023-10-18";1;"9906";"Picea abies";2;0.52
"BEA";"Beatenberg";2023;"2023-10-18";1;"9907";"Picea abies";2;0.57
"BET";"Bettlachstock";1995;"1995-11-21";1;"9950";"Abies alba";1;0.46
"BET";"Bettlachstock";1995;"1995-11-21";1;"9951";"Abies alba";1;0.54
"BET";"Bettlachstock";1995;"1995-11-21";1;"9952";"Abies alba";1;0.49
"BET";"Bettlachstock";1995;"1995-11-21";1;"9953";"Abies alba";1;0.46
"BET";"Bettlachstock";1995;"1995-11-21";1;"9954";"Abies alba";1;0.42
"BET";"Bettlachstock";1995;"1995-11-21";1;"9950";"Abies alba";2;0.39
"BET";"Bettlachstock";1995;"1995-11-21";1;"9951";"Abies alba";2;0.15
"BET";"Bettlachstock";1995;"1995-11-21";1;"9952";"Abies alba";2;0.34
"BET";"Bettlachstock";1995;"1995-11-21";1;"9953";"Abies alba";2;0.19
"BET";"Bettlachstock";1995;"1995-11-21";1;"9954";"Abies alba";2;0.29
"BET";"Bettlachstock";1997;"1997-10-23";1;"9950";"Abies alba";1;0.51
"BET";"Bettlachstock";1997;"1997-10-23";1;"9951";"Abies alba";1;0.24
"BET";"Bettlachstock";1997;"1997-10-23";1;"9952";"Abies alba";1;0.58
"BET";"Bettlachstock";1997;"1997-10-23";1;"9953";"Abies alba";1;0.26
"BET";"Bettlachstock";1997;"1997-10-23";1;"9954";"Abies alba";1;0.68
"BET";"Bettlachstock";1997;"1997-10-23";1;"9950";"Abies alba";2;0.72
"BET";"Bettlachstock";1997;"1997-10-23";1;"9951";"Abies alba";2;0.52
"BET";"Bettlachstock";1997;"1997-10-23";1;"9952";"Abies alba";2;0.73
"BET";"Bettlachstock";1997;"1997-10-23";1;"9953";"Abies alba";2;0.65
"BET";"Bettlachstock";1997;"1997-10-23";1;"9954";"Abies alba";2;0.89
"BET";"Bettlachstock";1999;"1999-09-29";1;"9950";"Abies alba";1;0.63
"BET";"Bettlachstock";1999;"1999-09-29";1;"9951";"Abies alba";1;0.38
"BET";"Bettlachstock";1999;"1999-09-29";1;"9952";"Abies alba";1;0.63
"BET";"Bettlachstock";1999;"1999-09-29";1;"9953";"Abies alba";1;0.3
"BET";"Bettlachstock";1999;"1999-09-29";1;"9954";"Abies alba";1;0.58
"BET";"Bettlachstock";1999;"1999-09-29";1;"9950";"Abies alba";2;0.38
"BET";"Bettlachstock";1999;"1999-09-29";1;"9951";"Abies alba";2;0.23
"BET";"Bettlachstock";1999;"1999-09-29";1;"9952";"Abies alba";2;0.23
"BET";"Bettlachstock";1999;"1999-09-29";1;"9953";"Abies alba";2;0.43
"BET";"Bettlachstock";1999;"1999-09-29";1;"9954";"Abies alba";2;0.25
"BET";"Bettlachstock";2001;"2001-10-02";1;"9950";"Abies alba";1;0.41
"BET";"Bettlachstock";2001;"2001-10-02";1;"9951";"Abies alba";1;0.38
"BET";"Bettlachstock";2001;"2001-10-02";1;"9952";"Abies alba";1;0.39
"BET";"Bettlachstock";2001;"2001-10-02";1;"9953";"Abies alba";1;0.41
"BET";"Bettlachstock";2001;"2001-10-02";1;"9954";"Abies alba";1;0.36
"BET";"Bettlachstock";2001;"2001-10-02";1;"9952";"Abies alba";2;0.43
"BET";"Bettlachstock";2001;"2001-10-02";1;"9953";"Abies alba";2;0.55
"BET";"Bettlachstock";2001;"2001-10-02";1;"9954";"Abies alba";2;0.63
"BET";"Bettlachstock";2001;"2001-10-02";1;"9950";"Abies alba";2;0.5
"BET";"Bettlachstock";2001;"2001-10-02";1;"9951";"Abies alba";2;0.44
"BET";"Bettlachstock";2003;"2003-09-30";1;"9950";"Abies alba";1;0.48
"BET";"Bettlachstock";2003;"2003-09-30";1;"9951";"Abies alba";1;0.24
"BET";"Bettlachstock";2003;"2003-09-30";1;"9952";"Abies alba";1;0.41
"BET";"Bettlachstock";2003;"2003-09-30";1;"9953";"Abies alba";1;0.33
"BET";"Bettlachstock";2003;"2003-09-30";1;"9954";"Abies alba";1;0.42
"BET";"Bettlachstock";2003;"2003-09-30";1;"9953";"Abies alba";2;0.61
"BET";"Bettlachstock";2003;"2003-09-30";1;"9954";"Abies alba";2;0.63
"BET";"Bettlachstock";2003;"2003-09-30";1;"9950";"Abies alba";2;0.7
"BET";"Bettlachstock";2003;"2003-09-30";1;"9951";"Abies alba";2;0.6
"BET";"Bettlachstock";2003;"2003-09-30";1;"9952";"Abies alba";2;0.75
"BET";"Bettlachstock";2005;"2005-10-26";1;"9950";"Abies alba";1;0.59
"BET";"Bettlachstock";2005;"2005-10-26";1;"9951";"Abies alba";1;0.29
"BET";"Bettlachstock";2005;"2005-10-26";1;"9952";"Abies alba";1;0.37
"BET";"Bettlachstock";2005;"2005-10-26";1;"9953";"Abies alba";1;0.43
"BET";"Bettlachstock";2005;"2005-10-26";1;"9954";"Abies alba";1;0.5
"BET";"Bettlachstock";2005;"2005-10-26";1;"9950";"Abies alba";2;0.78
"BET";"Bettlachstock";2005;"2005-10-26";1;"9951";"Abies alba";2;0.48
"BET";"Bettlachstock";2005;"2005-10-26";1;"9952";"Abies alba";2;0.64
"BET";"Bettlachstock";2005;"2005-10-26";1;"9953";"Abies alba";2;0.56
"BET";"Bettlachstock";2005;"2005-10-26";1;"9954";"Abies alba";2;0.59
"BET";"Bettlachstock";2007;"2007-10-19";1;"9950";"Abies alba";1;0.62
"BET";"Bettlachstock";2007;"2007-10-19";1;"9951";"Abies alba";1;0.51
"BET";"Bettlachstock";2007;"2007-10-19";1;"9952";"Abies alba";1;0.59
"BET";"Bettlachstock";2007;"2007-10-19";1;"9953";"Abies alba";1;0.61
"BET";"Bettlachstock";2007;"2007-10-19";1;"9954";"Abies alba";1;0.45
"BET";"Bettlachstock";2007;"2007-10-19";1;"9950";"Abies alba";2;0.63
"BET";"Bettlachstock";2007;"2007-10-19";1;"9951";"Abies alba";2;0.26
"BET";"Bettlachstock";2007;"2007-10-19";1;"9952";"Abies alba";2;0.84
"BET";"Bettlachstock";2007;"2007-10-19";1;"9953";"Abies alba";2;0.2
"BET";"Bettlachstock";2007;"2007-10-19";1;"9954";"Abies alba";2;0.97
"BET";"Bettlachstock";2009;"2009-10-19";1;"9950";"Abies alba";1;0.47
"BET";"Bettlachstock";2009;"2009-10-19";1;"9951";"Abies alba";1;0.51
"BET";"Bettlachstock";2009;"2009-10-19";1;"9952";"Abies alba";1;0.21
"BET";"Bettlachstock";2009;"2009-10-19";1;"9953";"Abies alba";1;0.31
"BET";"Bettlachstock";2009;"2009-10-19";1;"9954";"Abies alba";1;0.36
"BET";"Bettlachstock";2009;"2009-10-19";1;"9950";"Abies alba";2;0.75
"BET";"Bettlachstock";2009;"2009-10-19";1;"9951";"Abies alba";2;0.22
"BET";"Bettlachstock";2009;"2009-10-19";1;"9952";"Abies alba";2;0.41
"BET";"Bettlachstock";2009;"2009-10-19";1;"9953";"Abies alba";2;0.56
"BET";"Bettlachstock";2009;"2009-10-19";1;"9954";"Abies alba";2;0.6
"BET";"Bettlachstock";2011;"2011-10-13";1;"9951";"Abies alba";1;0.21
"BET";"Bettlachstock";2011;"2011-10-13";1;"9953";"Abies alba";1;0.16
"BET";"Bettlachstock";2011;"2011-10-13";1;"9950";"Abies alba";1;0.15
"BET";"Bettlachstock";2011;"2011-10-13";1;"9952";"Abies alba";1;0.17
"BET";"Bettlachstock";2011;"2011-10-13";1;"9954";"Abies alba";1;0.32
"BET";"Bettlachstock";2011;"2011-10-13";1;"9950";"Abies alba";2;0.59
"BET";"Bettlachstock";2011;"2011-10-13";1;"9954";"Abies alba";2;0.58
"BET";"Bettlachstock";2011;"2011-10-13";1;"9952";"Abies alba";2;0.64
"BET";"Bettlachstock";2011;"2011-10-13";1;"9951";"Abies alba";2;0.46
"BET";"Bettlachstock";2011;"2011-10-13";1;"9953";"Abies alba";2;0.59
"BET";"Bettlachstock";2013;"2013-10-22";1;"9950";"Abies alba";1;0.48
"BET";"Bettlachstock";2013;"2013-10-22";1;"9953";"Abies alba";1;0.14
"BET";"Bettlachstock";2013;"2013-10-22";1;"9951";"Abies alba";1;0.36
"BET";"Bettlachstock";2013;"2013-10-22";1;"9952";"Abies alba";1;0.57
"BET";"Bettlachstock";2013;"2013-10-22";1;"9954";"Abies alba";1;0.4
"BET";"Bettlachstock";2013;"2013-10-22";1;"9951";"Abies alba";2;0.79
"BET";"Bettlachstock";2013;"2013-10-22";1;"9952";"Abies alba";2;0.89
"BET";"Bettlachstock";2013;"2013-10-22";1;"9953";"Abies alba";2;0.61
"BET";"Bettlachstock";2013;"2013-10-22";1;"9954";"Abies alba";2;0.41
"BET";"Bettlachstock";2013;"2013-10-22";1;"9950";"Abies alba";2;0.81
"BET";"Bettlachstock";2015;"2015-10-20";1;"9950";"Abies alba";1;0.55
"BET";"Bettlachstock";2015;"2015-10-20";1;"9951";"Abies alba";1;0.41
"BET";"Bettlachstock";2015;"2015-10-20";1;"9952";"Abies alba";1;0.51
"BET";"Bettlachstock";2015;"2015-10-20";1;"9953";"Abies alba";1;0.44
"BET";"Bettlachstock";2015;"2015-10-20";1;"9954";"Abies alba";1;0.28
"BET";"Bettlachstock";2015;"2015-10-20";1;"9950";"Abies alba";2;0.65
"BET";"Bettlachstock";2015;"2015-10-20";1;"9951";"Abies alba";2;0.62
"BET";"Bettlachstock";2015;"2015-10-20";1;"9952";"Abies alba";2;0.67
"BET";"Bettlachstock";2015;"2015-10-20";1;"9953";"Abies alba";2;0.45
"BET";"Bettlachstock";2015;"2015-10-20";1;"9954";"Abies alba";2;0.62
"BET";"Bettlachstock";2017;"2017-10-23";1;"9950";"Abies alba";1;0.57
"BET";"Bettlachstock";2017;"2017-10-23";1;"9951";"Abies alba";1;0.53
"BET";"Bettlachstock";2017;"2017-10-23";1;"9952";"Abies alba";1;0.59
"BET";"Bettlachstock";2017;"2017-10-23";1;"9953";"Abies alba";1;0.62
"BET";"Bettlachstock";2017;"2017-10-23";1;"9954";"Abies alba";1;0.29
"BET";"Bettlachstock";2017;"2017-10-23";1;"9950";"Abies alba";2;0.82
"BET";"Bettlachstock";2017;"2017-10-23";1;"9951";"Abies alba";2;0.23
"BET";"Bettlachstock";2017;"2017-10-23";1;"9952";"Abies alba";2;0.59
"BET";"Bettlachstock";2017;"2017-10-23";1;"9953";"Abies alba";2;0.61
"BET";"Bettlachstock";2017;"2017-10-23";1;"9954";"Abies alba";2;0.64
"BET";"Bettlachstock";2019;"2019-10-15";1;"9951";"Abies alba";1;0.31
"BET";"Bettlachstock";2019;"2019-10-15";1;"9952";"Abies alba";1;0.81
"BET";"Bettlachstock";2019;"2019-10-15";1;"9954";"Abies alba";1;0.38
"BET";"Bettlachstock";2019;"2019-10-15";1;"9950";"Abies alba";1;0.59
"BET";"Bettlachstock";2019;"2019-10-15";1;"9953";"Abies alba";1;0.44
"BET";"Bettlachstock";2019;"2019-10-15";1;"9953";"Abies alba";2;0.16
"BET";"Bettlachstock";2019;"2019-10-15";1;"9950";"Abies alba";2;0.34
"BET";"Bettlachstock";2019;"2019-10-15";1;"9951";"Abies alba";2;0.1
"BET";"Bettlachstock";2019;"2019-10-15";1;"9954";"Abies alba";2;0.21
"BET";"Bettlachstock";2019;"2019-10-15";1;"9952";"Abies alba";2;0.35
"BET";"Bettlachstock";2021;"2021-10-18";1;"9954";"Abies alba";1;0.57
"BET";"Bettlachstock";2021;"2021-10-18";1;"9950";"Abies alba";1;0.45
"BET";"Bettlachstock";2021;"2021-10-18";1;"9951";"Abies alba";1;0.6
"BET";"Bettlachstock";2021;"2021-10-18";1;"9955";"Abies alba";1;0.5
"BET";"Bettlachstock";2021;"2021-10-18";1;"9952";"Abies alba";1;0.7
"BET";"Bettlachstock";2021;"2021-10-18";1;"9951";"Abies alba";2;0.18
"BET";"Bettlachstock";2021;"2021-10-18";1;"9952";"Abies alba";2;0.23
"BET";"Bettlachstock";2021;"2021-10-18";1;"9954";"Abies alba";2;0.25
"BET";"Bettlachstock";2021;"2021-10-18";1;"9950";"Abies alba";2;0.18
"BET";"Bettlachstock";2021;"2021-10-18";1;"9955";"Abies alba";2;0.13
"BET";"Bettlachstock";2023;"2023-10-17";1;"9951";"Abies alba";1;0.45
"BET";"Bettlachstock";2023;"2023-10-17";1;"9950";"Abies alba";1;0.6
"BET";"Bettlachstock";2023;"2023-10-17";1;"9952";"Abies alba";1;0.69
"BET";"Bettlachstock";2023;"2023-10-17";1;"9954";"Abies alba";1;0.54
"BET";"Bettlachstock";2023;"2023-10-17";1;"9955";"Abies alba";1;0.49
"BET";"Bettlachstock";2023;"2023-10-17";1;"9950";"Abies alba";2;0.26
"BET";"Bettlachstock";2023;"2023-10-17";1;"9951";"Abies alba";2;0.24
"BET";"Bettlachstock";2023;"2023-10-17";1;"9952";"Abies alba";2;0.39
"BET";"Bettlachstock";2023;"2023-10-17";1;"9954";"Abies alba";2;0.44
"BET";"Bettlachstock";2023;"2023-10-17";1;"9955";"Abies alba";2;0.11
"BET";"Bettlachstock";2009;"2009-10-19";1;"9970";"Picea abies";1;0.42
"BET";"Bettlachstock";2009;"2009-10-19";1;"9971";"Picea abies";1;0.51
"BET";"Bettlachstock";2009;"2009-10-19";1;"9972";"Picea abies";1;0.46
"BET";"Bettlachstock";2009;"2009-10-19";1;"9973";"Picea abies";1;0.54
"BET";"Bettlachstock";2009;"2009-10-19";1;"9974";"Picea abies";1;0.4
"BET";"Bettlachstock";2009;"2009-10-19";1;"9970";"Picea abies";2;0.43
"BET";"Bettlachstock";2009;"2009-10-19";1;"9971";"Picea abies";2;0.5
"BET";"Bettlachstock";2009;"2009-10-19";1;"9972";"Picea abies";2;0.51
"BET";"Bettlachstock";2009;"2009-10-19";1;"9973";"Picea abies";2;0.58
"BET";"Bettlachstock";2009;"2009-10-19";1;"9974";"Picea abies";2;0.44
"CEL";"Celerina";1997;"1997-10-20";1;"9901";"Pinus cembra";1;1.89
"CEL";"Celerina";1997;"1997-10-20";1;"9902";"Pinus cembra";1;1.31
"CEL";"Celerina";1997;"1997-10-20";1;"9903";"Pinus cembra";1;1.59
"CEL";"Celerina";1997;"1997-10-20";1;"9904";"Pinus cembra";1;1.61
"CEL";"Celerina";1997;"1997-10-20";1;"9905";"Pinus cembra";1;2.04
"CEL";"Celerina";1997;"1997-10-20";1;"9901";"Pinus cembra";2;2.01
"CEL";"Celerina";1997;"1997-10-20";1;"9902";"Pinus cembra";2;1.58
"CEL";"Celerina";1997;"1997-10-20";1;"9903";"Pinus cembra";2;1.43
"CEL";"Celerina";1997;"1997-10-20";1;"9904";"Pinus cembra";2;1.9
"CEL";"Celerina";1997;"1997-10-20";1;"9905";"Pinus cembra";2;2.45
"CEL";"Celerina";1999;"1999-10-18";1;"9902";"Pinus cembra";1;1.8
"CEL";"Celerina";1999;"1999-10-18";1;"9903";"Pinus cembra";1;2.63
"CEL";"Celerina";1999;"1999-10-18";1;"9904";"Pinus cembra";1;2.05
"CEL";"Celerina";1999;"1999-10-18";1;"9905";"Pinus cembra";1;2.13
"CEL";"Celerina";1999;"1999-10-18";1;"9901";"Pinus cembra";1;2.23
"CEL";"Celerina";1999;"1999-10-18";1;"9901";"Pinus cembra";2;1.85
"CEL";"Celerina";1999;"1999-10-18";1;"9902";"Pinus cembra";2;1.93
"CEL";"Celerina";1999;"1999-10-18";1;"9903";"Pinus cembra";2;1.43
"CEL";"Celerina";1999;"1999-10-18";1;"9904";"Pinus cembra";2;1.5
"CEL";"Celerina";1999;"1999-10-18";1;"9905";"Pinus cembra";2;1.6
"CEL";"Celerina";2001;"2001-10-09";1;"9901";"Pinus cembra";1;1.89
"CEL";"Celerina";2001;"2001-10-09";1;"9902";"Pinus cembra";1;1.34
"CEL";"Celerina";2001;"2001-10-09";1;"9903";"Pinus cembra";1;1.39
"CEL";"Celerina";2001;"2001-10-09";1;"9904";"Pinus cembra";1;1.96
"CEL";"Celerina";2001;"2001-10-09";1;"9905";"Pinus cembra";1;2.34
"CEL";"Celerina";2001;"2001-10-09";1;"9905";"Pinus cembra";2;2.83
"CEL";"Celerina";2001;"2001-10-09";1;"9901";"Pinus cembra";2;2.43
"CEL";"Celerina";2001;"2001-10-09";1;"9902";"Pinus cembra";2;1.43
"CEL";"Celerina";2001;"2001-10-09";1;"9903";"Pinus cembra";2;1.72
"CEL";"Celerina";2001;"2001-10-09";1;"9904";"Pinus cembra";2;2.38
"CEL";"Celerina";2003;"2003-10-21";1;"9901";"Pinus cembra";1;1.23
"CEL";"Celerina";2003;"2003-10-21";1;"9902";"Pinus cembra";1;1.23
"CEL";"Celerina";2003;"2003-10-21";1;"9903";"Pinus cembra";1;1.28
"CEL";"Celerina";2003;"2003-10-21";1;"9904";"Pinus cembra";1;1.21
"CEL";"Celerina";2003;"2003-10-21";1;"9905";"Pinus cembra";1;1.57
"CEL";"Celerina";2003;"2003-10-21";1;"9901";"Pinus cembra";2;1.95
"CEL";"Celerina";2003;"2003-10-21";1;"9902";"Pinus cembra";2;1.31
"CEL";"Celerina";2003;"2003-10-21";1;"9903";"Pinus cembra";2;1.68
"CEL";"Celerina";2003;"2003-10-21";1;"9904";"Pinus cembra";2;1.73
"CEL";"Celerina";2003;"2003-10-21";1;"9905";"Pinus cembra";2;1.64
"CEL";"Celerina";2005;"2005-10-05";1;"9901";"Pinus cembra";1;1.94
"CEL";"Celerina";2005;"2005-10-05";1;"9902";"Pinus cembra";1;1.31
"CEL";"Celerina";2005;"2005-10-05";1;"9903";"Pinus cembra";1;1.37
"CEL";"Celerina";2005;"2005-10-05";1;"9904";"Pinus cembra";1;1.71
"CEL";"Celerina";2005;"2005-10-05";1;"9905";"Pinus cembra";1;1.97
"CEL";"Celerina";2005;"2005-10-05";1;"9903";"Pinus cembra";2;1.67
"CEL";"Celerina";2005;"2005-10-05";1;"9904";"Pinus cembra";2;1.99
"CEL";"Celerina";2005;"2005-10-05";1;"9905";"Pinus cembra";2;2.19
"CEL";"Celerina";2005;"2005-10-05";1;"9901";"Pinus cembra";2;1.76
"CEL";"Celerina";2005;"2005-10-05";1;"9902";"Pinus cembra";2;1.52
"CEL";"Celerina";2007;"2007-10-11";1;"9901";"Pinus cembra";1;2.18
"CEL";"Celerina";2007;"2007-10-11";1;"9902";"Pinus cembra";1;2.03
"CEL";"Celerina";2007;"2007-10-11";1;"9903";"Pinus cembra";1;1.8
"CEL";"Celerina";2007;"2007-10-11";1;"9904";"Pinus cembra";1;2.07
"CEL";"Celerina";2007;"2007-10-11";1;"9905";"Pinus cembra";1;2.27
"CEL";"Celerina";2007;"2007-10-11";1;"9901";"Pinus cembra";2;2.31
"CEL";"Celerina";2007;"2007-10-11";1;"9902";"Pinus cembra";2;2.42
"CEL";"Celerina";2007;"2007-10-11";1;"9903";"Pinus cembra";2;2.14
"CEL";"Celerina";2007;"2007-10-11";1;"9904";"Pinus cembra";2;2.31
"CEL";"Celerina";2007;"2007-10-11";1;"9905";"Pinus cembra";2;2.64
"CEL";"Celerina";2009;"2009-10-15";1;"9901";"Pinus cembra";1;1.46
"CEL";"Celerina";2009;"2009-10-15";1;"9902";"Pinus cembra";1;1.45
"CEL";"Celerina";2009;"2009-10-15";1;"9903";"Pinus cembra";1;1.75
"CEL";"Celerina";2009;"2009-10-15";1;"9904";"Pinus cembra";1;1.23
"CEL";"Celerina";2009;"2009-10-15";1;"9905";"Pinus cembra";1;1.88
"CEL";"Celerina";2009;"2009-10-15";1;"9901";"Pinus cembra";2;1.57
"CEL";"Celerina";2009;"2009-10-15";1;"9902";"Pinus cembra";2;1.41
"CEL";"Celerina";2009;"2009-10-15";1;"9903";"Pinus cembra";2;1.55
"CEL";"Celerina";2009;"2009-10-15";1;"9904";"Pinus cembra";2;1.46
"CEL";"Celerina";2009;"2009-10-15";1;"9905";"Pinus cembra";2;2.1
"CEL";"Celerina";2011;"2011-10-12";1;"9902";"Pinus cembra";1;1.14
"CEL";"Celerina";2011;"2011-10-12";1;"9904";"Pinus cembra";1;1.74
"CEL";"Celerina";2011;"2011-10-12";1;"9901";"Pinus cembra";1;1.73
"CEL";"Celerina";2011;"2011-10-12";1;"9903";"Pinus cembra";1;1.8
"CEL";"Celerina";2011;"2011-10-12";1;"9905";"Pinus cembra";1;2.15
"CEL";"Celerina";2011;"2011-10-12";1;"9901";"Pinus cembra";2;2.14
"CEL";"Celerina";2011;"2011-10-12";1;"9902";"Pinus cembra";2;1.38
"CEL";"Celerina";2011;"2011-10-12";1;"9905";"Pinus cembra";2;2.23
"CEL";"Celerina";2011;"2011-10-12";1;"9903";"Pinus cembra";2;2.21
"CEL";"Celerina";2011;"2011-10-12";1;"9904";"Pinus cembra";2;1.93
"CEL";"Celerina";2013;"2013-10-23";1;"9901";"Pinus cembra";1;2.08
"CEL";"Celerina";2013;"2013-10-23";1;"9902";"Pinus cembra";1;1.11
"CEL";"Celerina";2013;"2013-10-23";1;"9905";"Pinus cembra";1;1.96
"CEL";"Celerina";2013;"2013-10-23";1;"9903";"Pinus cembra";1;2.16
"CEL";"Celerina";2013;"2013-10-23";1;"9904";"Pinus cembra";1;1.72
"CEL";"Celerina";2013;"2013-10-23";1;"9901";"Pinus cembra";2;2.09
"CEL";"Celerina";2013;"2013-10-23";1;"9905";"Pinus cembra";2;2.32
"CEL";"Celerina";2013;"2013-10-23";1;"9902";"Pinus cembra";2;1.82
"CEL";"Celerina";2013;"2013-10-23";1;"9903";"Pinus cembra";2;2.22
"CEL";"Celerina";2013;"2013-10-23";1;"9904";"Pinus cembra";2;1.98
"CEL";"Celerina";2015;"2015-10-21";1;"9901";"Pinus cembra";1;1.59
"CEL";"Celerina";2015;"2015-10-21";1;"9902";"Pinus cembra";1;1.34
"CEL";"Celerina";2015;"2015-10-21";1;"9903";"Pinus cembra";1;1.66
"CEL";"Celerina";2015;"2015-10-21";1;"9904";"Pinus cembra";1;1.58
"CEL";"Celerina";2015;"2015-10-21";1;"9905";"Pinus cembra";1;2.09
"CEL";"Celerina";2015;"2015-10-21";1;"9901";"Pinus cembra";2;1.72
"CEL";"Celerina";2015;"2015-10-21";1;"9902";"Pinus cembra";2;1.31
"CEL";"Celerina";2015;"2015-10-21";1;"9903";"Pinus cembra";2;1.53
"CEL";"Celerina";2015;"2015-10-21";1;"9904";"Pinus cembra";2;1.78
"CEL";"Celerina";2015;"2015-10-21";1;"9905";"Pinus cembra";2;2.01
"CEL";"Celerina";2017;"2017-10-17";1;"9901";"Pinus cembra";1;1.89
"CEL";"Celerina";2017;"2017-10-17";1;"9902";"Pinus cembra";1;1.63
"CEL";"Celerina";2017;"2017-10-17";1;"9903";"Pinus cembra";1;1.76
"CEL";"Celerina";2017;"2017-10-17";1;"9904";"Pinus cembra";1;1.77
"CEL";"Celerina";2017;"2017-10-17";1;"9905";"Pinus cembra";1;2.24
"CEL";"Celerina";2017;"2017-10-17";1;"9901";"Pinus cembra";2;2.2
"CEL";"Celerina";2017;"2017-10-17";1;"9902";"Pinus cembra";2;1.65
"CEL";"Celerina";2017;"2017-10-17";1;"9903";"Pinus cembra";2;1.93
"CEL";"Celerina";2017;"2017-10-17";1;"9904";"Pinus cembra";2;2.06
"CEL";"Celerina";2017;"2017-10-17";1;"9905";"Pinus cembra";2;2.53
"CEL";"Celerina";2019;"2019-10-23";1;"9902";"Pinus cembra";1;1.87
"CEL";"Celerina";2019;"2019-10-23";1;"9903";"Pinus cembra";1;2.14
"CEL";"Celerina";2019;"2019-10-23";1;"9901";"Pinus cembra";1;2.02
"CEL";"Celerina";2019;"2019-10-23";1;"9904";"Pinus cembra";1;1.66
"CEL";"Celerina";2019;"2019-10-23";1;"9905";"Pinus cembra";1;2.38
"CEL";"Celerina";2019;"2019-10-23";1;"9901";"Pinus cembra";2;2.17
"CEL";"Celerina";2019;"2019-10-23";1;"9902";"Pinus cembra";2;1.74
"CEL";"Celerina";2019;"2019-10-23";1;"9905";"Pinus cembra";2;2.76
"CEL";"Celerina";2019;"2019-10-23";1;"9904";"Pinus cembra";2;1.69
"CEL";"Celerina";2019;"2019-10-23";1;"9903";"Pinus cembra";2;2.23
"CEL";"Celerina";2021;"2021-10-26";1;"9901";"Pinus cembra";1;1.85
"CEL";"Celerina";2021;"2021-10-26";1;"9902";"Pinus cembra";1;1.11
"CEL";"Celerina";2021;"2021-10-26";1;"9903";"Pinus cembra";1;1.42
"CEL";"Celerina";2021;"2021-10-26";1;"9905";"Pinus cembra";1;1.89
"CEL";"Celerina";2021;"2021-10-26";1;"9904";"Pinus cembra";1;2.26
"CEL";"Celerina";2021;"2021-10-26";1;"9901";"Pinus cembra";2;1.8
"CEL";"Celerina";2021;"2021-10-26";1;"9903";"Pinus cembra";2;2.07
"CEL";"Celerina";2021;"2021-10-26";1;"9904";"Pinus cembra";2;1.46
"CEL";"Celerina";2021;"2021-10-26";1;"9905";"Pinus cembra";2;2.64
"CEL";"Celerina";2021;"2021-10-26";1;"9902";"Pinus cembra";2;1.45
"CEL";"Celerina";2023;"2023-10-23";1;"9901";"Pinus cembra";1;1.55
"CEL";"Celerina";2023;"2023-10-23";1;"9905";"Pinus cembra";1;1.87
"CEL";"Celerina";2023;"2023-10-23";1;"9903";"Pinus cembra";1;1.44
"CEL";"Celerina";2023;"2023-10-23";1;"9904";"Pinus cembra";1;1.44
"CEL";"Celerina";2023;"2023-10-23";1;"9902";"Pinus cembra";1;1.24
"CEL";"Celerina";2023;"2023-10-23";1;"9903";"Pinus cembra";2;1.74
"CEL";"Celerina";2023;"2023-10-23";1;"9905";"Pinus cembra";2;1.89
"CEL";"Celerina";2023;"2023-10-23";1;"9901";"Pinus cembra";2;2.19
"CEL";"Celerina";2023;"2023-10-23";1;"9902";"Pinus cembra";2;1.48
"CEL";"Celerina";2023;"2023-10-23";1;"9904";"Pinus cembra";2;1.83
"CHI";"Chironico";1997;"1997-11-05";1;"9901";"Picea abies";1;0.49
"CHI";"Chironico";1997;"1997-11-05";1;"9902";"Picea abies";1;0.46
"CHI";"Chironico";1997;"1997-11-05";1;"9903";"Picea abies";1;0.55
"CHI";"Chironico";1997;"1997-11-05";1;"9904";"Picea abies";1;0.56
"CHI";"Chironico";1997;"1997-11-05";1;"9905";"Picea abies";1;0.47
"CHI";"Chironico";1997;"1997-11-05";1;"9902";"Picea abies";2;0.47
"CHI";"Chironico";1997;"1997-11-05";1;"9903";"Picea abies";2;0.56
"CHI";"Chironico";1997;"1997-11-05";1;"9904";"Picea abies";2;0.59
"CHI";"Chironico";1997;"1997-11-05";1;"9905";"Picea abies";2;0.46
"CHI";"Chironico";1997;"1997-11-05";1;"9901";"Picea abies";2;0.46
"CHI";"Chironico";1999;"1999-10-05";1;"9901";"Picea abies";1;0.55
"CHI";"Chironico";1999;"1999-10-05";1;"9902";"Picea abies";1;0.3
"CHI";"Chironico";1999;"1999-10-05";1;"9903";"Picea abies";1;0.55
"CHI";"Chironico";1999;"1999-10-05";1;"9904";"Picea abies";1;0.53
"CHI";"Chironico";1999;"1999-10-05";1;"9905";"Picea abies";1;0.38
"CHI";"Chironico";1999;"1999-10-05";1;"9901";"Picea abies";2;0.5
"CHI";"Chironico";1999;"1999-10-05";1;"9902";"Picea abies";2;0.58
"CHI";"Chironico";1999;"1999-10-05";1;"9903";"Picea abies";2;0.58
"CHI";"Chironico";1999;"1999-10-05";1;"9904";"Picea abies";2;0.55
"CHI";"Chironico";1999;"1999-10-05";1;"9905";"Picea abies";2;0.43
"CHI";"Chironico";2001;"2001-10-17";1;"9901";"Picea abies";1;0.59
"CHI";"Chironico";2001;"2001-10-17";1;"9902";"Picea abies";1;0.4
"CHI";"Chironico";2001;"2001-10-17";1;"9903";"Picea abies";1;0.53
"CHI";"Chironico";2001;"2001-10-17";1;"9904";"Picea abies";1;0.61
"CHI";"Chironico";2001;"2001-10-17";1;"9905";"Picea abies";1;0.44
"CHI";"Chironico";2001;"2001-10-17";1;"9901";"Picea abies";2;0.53
"CHI";"Chironico";2001;"2001-10-17";1;"9902";"Picea abies";2;0.45
"CHI";"Chironico";2001;"2001-10-17";1;"9903";"Picea abies";2;0.54
"CHI";"Chironico";2001;"2001-10-17";1;"9904";"Picea abies";2;0.62
"CHI";"Chironico";2001;"2001-10-17";1;"9905";"Picea abies";2;0.44
"CHI";"Chironico";2003;"2003-10-07";1;"9905";"Picea abies";1;0.4
"CHI";"Chironico";2003;"2003-10-07";1;"9901";"Picea abies";1;0.5
"CHI";"Chironico";2003;"2003-10-07";1;"9902";"Picea abies";1;0.46
"CHI";"Chironico";2003;"2003-10-07";1;"9903";"Picea abies";1;0.48
"CHI";"Chironico";2003;"2003-10-07";1;"9904";"Picea abies";1;0.65
"CHI";"Chironico";2003;"2003-10-07";1;"9901";"Picea abies";2;0.46
"CHI";"Chironico";2003;"2003-10-07";1;"9902";"Picea abies";2;0.42
"CHI";"Chironico";2003;"2003-10-07";1;"9903";"Picea abies";2;0.42
"CHI";"Chironico";2003;"2003-10-07";1;"9904";"Picea abies";2;0.45
"CHI";"Chironico";2003;"2003-10-07";1;"9905";"Picea abies";2;0.33
"CHI";"Chironico";2005;"2005-10-27";1;"9901";"Picea abies";1;0.4
"CHI";"Chironico";2005;"2005-10-27";1;"9902";"Picea abies";1;0.47
"CHI";"Chironico";2005;"2005-10-27";1;"9903";"Picea abies";1;0.46
"CHI";"Chironico";2005;"2005-10-27";1;"9904";"Picea abies";1;0.59
"CHI";"Chironico";2005;"2005-10-27";1;"9905";"Picea abies";1;0.39
"CHI";"Chironico";2005;"2005-10-27";1;"9901";"Picea abies";2;0.38
"CHI";"Chironico";2005;"2005-10-27";1;"9902";"Picea abies";2;0.29
"CHI";"Chironico";2005;"2005-10-27";1;"9903";"Picea abies";2;0.42
"CHI";"Chironico";2005;"2005-10-27";1;"9904";"Picea abies";2;0.39
"CHI";"Chironico";2005;"2005-10-27";1;"9905";"Picea abies";2;0.3
"CHI";"Chironico";2007;"2007-10-17";1;"9901";"Picea abies";1;0.34
"CHI";"Chironico";2007;"2007-10-17";1;"9902";"Picea abies";1;0.46
"CHI";"Chironico";2007;"2007-10-17";1;"9903";"Picea abies";1;0.4
"CHI";"Chironico";2007;"2007-10-17";1;"9904";"Picea abies";1;0.44
"CHI";"Chironico";2007;"2007-10-17";1;"9905";"Picea abies";1;0.43
"CHI";"Chironico";2007;"2007-10-17";1;"9901";"Picea abies";2;0.47
"CHI";"Chironico";2007;"2007-10-17";1;"9902";"Picea abies";2;0.34
"CHI";"Chironico";2007;"2007-10-17";1;"9903";"Picea abies";2;0.59
"CHI";"Chironico";2007;"2007-10-17";1;"9904";"Picea abies";2;0.55
"CHI";"Chironico";2007;"2007-10-17";1;"9905";"Picea abies";2;0.45
"CHI";"Chironico";2009;"2009-10-12";1;"9901";"Picea abies";1;0.37
"CHI";"Chironico";2009;"2009-10-12";1;"9902";"Picea abies";1;0.36
"CHI";"Chironico";2009;"2009-10-12";1;"9904";"Picea abies";1;0.46
"CHI";"Chironico";2009;"2009-10-12";1;"9905";"Picea abies";1;0.45
"CHI";"Chironico";2009;"2009-10-12";1;"9903";"Picea abies";1;0.51
"CHI";"Chironico";2009;"2009-10-12";1;"9901";"Picea abies";2;0.44
"CHI";"Chironico";2009;"2009-10-12";1;"9902";"Picea abies";2;0.41
"CHI";"Chironico";2009;"2009-10-12";1;"9903";"Picea abies";2;0.59
"CHI";"Chironico";2009;"2009-10-12";1;"9905";"Picea abies";2;0.53
"CHI";"Chironico";2009;"2009-10-12";1;"9904";"Picea abies";2;0.56
"CHI";"Chironico";2011;"2011-10-14";1;"9905";"Picea abies";1;0.35
"CHI";"Chironico";2011;"2011-10-14";1;"9902";"Picea abies";1;0.33
"CHI";"Chironico";2011;"2011-10-14";1;"9901";"Picea abies";1;0.38
"CHI";"Chironico";2011;"2011-10-14";1;"9903";"Picea abies";1;0.42
"CHI";"Chironico";2011;"2011-10-14";1;"9904";"Picea abies";1;0.34
"CHI";"Chironico";2011;"2011-10-14";1;"9902";"Picea abies";2;0.51
"CHI";"Chironico";2011;"2011-10-14";1;"9901";"Picea abies";2;0.5
"CHI";"Chironico";2011;"2011-10-14";1;"9904";"Picea abies";2;0.67
"CHI";"Chironico";2011;"2011-10-14";1;"9905";"Picea abies";2;0.54
"CHI";"Chironico";2011;"2011-10-14";1;"9903";"Picea abies";2;0.66
"CHI";"Chironico";2013;"2013-10-24";1;"9902";"Picea abies";1;0.38
"CHI";"Chironico";2013;"2013-10-24";1;"9903";"Picea abies";1;0.53
"CHI";"Chironico";2013;"2013-10-24";1;"9901";"Picea abies";1;0.39
"CHI";"Chironico";2013;"2013-10-24";1;"9904";"Picea abies";1;0.51
"CHI";"Chironico";2013;"2013-10-24";1;"9905";"Picea abies";1;0.48
"CHI";"Chironico";2013;"2013-10-24";1;"9903";"Picea abies";2;0.66
"CHI";"Chironico";2013;"2013-10-24";1;"9901";"Picea abies";2;0.4
"CHI";"Chironico";2013;"2013-10-24";1;"9905";"Picea abies";2;0.56
"CHI";"Chironico";2013;"2013-10-24";1;"9904";"Picea abies";2;0.84
"CHI";"Chironico";2013;"2013-10-24";1;"9902";"Picea abies";2;0.48
"CHI";"Chironico";2015;"2015-10-16";1;"9901";"Picea abies";1;0.44
"CHI";"Chironico";2015;"2015-10-16";1;"9902";"Picea abies";1;0.46
"CHI";"Chironico";2015;"2015-10-16";1;"9903";"Picea abies";1;0.53
"CHI";"Chironico";2015;"2015-10-16";1;"9904";"Picea abies";1;0.62
"CHI";"Chironico";2015;"2015-10-16";1;"9905";"Picea abies";1;0.42
"CHI";"Chironico";2015;"2015-10-16";1;"9901";"Picea abies";2;0.43
"CHI";"Chironico";2015;"2015-10-16";1;"9902";"Picea abies";2;0.4
"CHI";"Chironico";2015;"2015-10-16";1;"9903";"Picea abies";2;0.46
"CHI";"Chironico";2015;"2015-10-16";1;"9904";"Picea abies";2;0.43
"CHI";"Chironico";2015;"2015-10-16";1;"9905";"Picea abies";2;0.36
"CHI";"Chironico";2017;"2017-10-24";1;"9901";"Picea abies";1;0.41
"CHI";"Chironico";2017;"2017-10-24";1;"9902";"Picea abies";1;0.28
"CHI";"Chironico";2017;"2017-10-24";1;"9903";"Picea abies";1;0.5
"CHI";"Chironico";2017;"2017-10-24";1;"9904";"Picea abies";1;0.54
"CHI";"Chironico";2017;"2017-10-24";1;"9905";"Picea abies";1;0.49
"CHI";"Chironico";2017;"2017-10-24";1;"9901";"Picea abies";2;0.38
"CHI";"Chironico";2017;"2017-10-24";1;"9902";"Picea abies";2;0.36
"CHI";"Chironico";2017;"2017-10-24";1;"9903";"Picea abies";2;0.51
"CHI";"Chironico";2017;"2017-10-24";1;"9904";"Picea abies";2;0.45
"CHI";"Chironico";2017;"2017-10-24";1;"9905";"Picea abies";2;0.37
"CHI";"Chironico";2019;"2019-10-24";1;"9901";"Picea abies";1;0.31
"CHI";"Chironico";2019;"2019-10-24";1;"9904";"Picea abies";1;0.54
"CHI";"Chironico";2019;"2019-10-24";1;"9905";"Picea abies";1;0.37
"CHI";"Chironico";2019;"2019-10-24";1;"9903";"Picea abies";1;0.42
"CHI";"Chironico";2019;"2019-10-24";1;"9902";"Picea abies";1;0.34
"CHI";"Chironico";2019;"2019-10-24";1;"9901";"Picea abies";2;0.37
"CHI";"Chironico";2019;"2019-10-24";1;"9902";"Picea abies";2;0.37
"CHI";"Chironico";2019;"2019-10-24";1;"9904";"Picea abies";2;0.53
"CHI";"Chironico";2019;"2019-10-24";1;"9905";"Picea abies";2;0.42
"CHI";"Chironico";2019;"2019-10-24";1;"9903";"Picea abies";2;0.45
"CHI";"Chironico";2021;"2021-10-28";1;"9901";"Picea abies";1;0.35
"CHI";"Chironico";2021;"2021-10-28";1;"9902";"Picea abies";1;0.37
"CHI";"Chironico";2021;"2021-10-28";1;"9903";"Picea abies";1;0.61
"CHI";"Chironico";2021;"2021-10-28";1;"9904";"Picea abies";1;0.48
"CHI";"Chironico";2021;"2021-10-28";1;"9905";"Picea abies";1;0.44
"CHI";"Chironico";2021;"2021-10-28";1;"9901";"Picea abies";2;0.26
"CHI";"Chironico";2021;"2021-10-28";1;"9902";"Picea abies";2;0.22
"CHI";"Chironico";2021;"2021-10-28";1;"9903";"Picea abies";2;0.4
"CHI";"Chironico";2021;"2021-10-28";1;"9905";"Picea abies";2;0.28
"CHI";"Chironico";2021;"2021-10-28";1;"9904";"Picea abies";2;0.34
"CHI";"Chironico";2023;"2023-10-27";1;"9901";"Picea abies";1;0.49
"CHI";"Chironico";2023;"2023-10-27";1;"9904";"Picea abies";1;0.54
"CHI";"Chironico";2023;"2023-10-27";1;"9902";"Picea abies";1;0.35
"CHI";"Chironico";2023;"2023-10-27";1;"9903";"Picea abies";1;0.51
"CHI";"Chironico";2023;"2023-10-27";1;"9905";"Picea abies";1;0.36
"CHI";"Chironico";2023;"2023-10-27";1;"9904";"Picea abies";2;0.65
"CHI";"Chironico";2023;"2023-10-27";1;"9901";"Picea abies";2;0.4
"CHI";"Chironico";2023;"2023-10-27";1;"9903";"Picea abies";2;0.57
"CHI";"Chironico";2023;"2023-10-27";1;"9905";"Picea abies";2;0.42
"CHI";"Chironico";2023;"2023-10-27";1;"9902";"Picea abies";2;0.38
"DAV";"Davos";2007;"2007-10-16";1;"9903";"Picea abies";1;0.59
"DAV";"Davos";2007;"2007-10-16";1;"9904";"Picea abies";1;0.62
"DAV";"Davos";2007;"2007-10-16";1;"9905";"Picea abies";1;0.33
"DAV";"Davos";2007;"2007-10-16";1;"9906";"Picea abies";1;0.46
"DAV";"Davos";2007;"2007-10-16";1;"9901";"Picea abies";1;0.45
"DAV";"Davos";2007;"2007-10-16";1;"9902";"Picea abies";1;0.4
"DAV";"Davos";2007;"2007-10-16";1;"9901";"Picea abies";2;0.48
"DAV";"Davos";2007;"2007-10-16";1;"9902";"Picea abies";2;0.5
"DAV";"Davos";2007;"2007-10-16";1;"9903";"Picea abies";2;0.7
"DAV";"Davos";2007;"2007-10-16";1;"9904";"Picea abies";2;0.64
"DAV";"Davos";2007;"2007-10-16";1;"9905";"Picea abies";2;0.4
"DAV";"Davos";2007;"2007-10-16";1;"9906";"Picea abies";2;0.51
"DAV";"Davos";2009;"2009-10-21";1;"9901";"Picea abies";1;0.36
"DAV";"Davos";2009;"2009-10-21";1;"9902";"Picea abies";1;0.53
"DAV";"Davos";2009;"2009-10-21";1;"9903";"Picea abies";1;0.71
"DAV";"Davos";2009;"2009-10-21";1;"9904";"Picea abies";1;0.44
"DAV";"Davos";2009;"2009-10-21";1;"9905";"Picea abies";1;0.57
"DAV";"Davos";2009;"2009-10-21";1;"9906";"Picea abies";1;0.53
"DAV";"Davos";2009;"2009-10-21";1;"9901";"Picea abies";2;0.49
"DAV";"Davos";2009;"2009-10-21";1;"9902";"Picea abies";2;0.69
"DAV";"Davos";2009;"2009-10-21";1;"9903";"Picea abies";2;0.83
"DAV";"Davos";2009;"2009-10-21";1;"9904";"Picea abies";2;0.55
"DAV";"Davos";2009;"2009-10-21";1;"9905";"Picea abies";2;0.53
"DAV";"Davos";2009;"2009-10-21";1;"9906";"Picea abies";2;0.58
"DAV";"Davos";2011;"2011-10-17";1;"9901";"Picea abies";1;0.32
"DAV";"Davos";2011;"2011-10-17";1;"9904";"Picea abies";1;0.41
"DAV";"Davos";2011;"2011-10-17";1;"9906";"Picea abies";1;0.55
"DAV";"Davos";2011;"2011-10-17";1;"9903";"Picea abies";1;0.56
"DAV";"Davos";2011;"2011-10-17";1;"9905";"Picea abies";1;0.55
"DAV";"Davos";2011;"2011-10-17";1;"9902";"Picea abies";1;0.27
"DAV";"Davos";2011;"2011-10-17";1;"9903";"Picea abies";2;0.83
"DAV";"Davos";2011;"2011-10-17";1;"9901";"Picea abies";2;0.86
"DAV";"Davos";2011;"2011-10-17";1;"9902";"Picea abies";2;0.6
"DAV";"Davos";2011;"2011-10-17";1;"9904";"Picea abies";2;0.58
"DAV";"Davos";2011;"2011-10-17";1;"9905";"Picea abies";2;0.86
"DAV";"Davos";2011;"2011-10-17";1;"9906";"Picea abies";2;0.67
"DAV";"Davos";2013;"2013-10-16";1;"9901";"Picea abies";1;0.53
"DAV";"Davos";2013;"2013-10-16";1;"9902";"Picea abies";1;0.43
"DAV";"Davos";2013;"2013-10-16";1;"9904";"Picea abies";1;0.68
"DAV";"Davos";2013;"2013-10-16";1;"9905";"Picea abies";1;0.51
"DAV";"Davos";2013;"2013-10-16";1;"9906";"Picea abies";1;0.4
"DAV";"Davos";2013;"2013-10-16";1;"9903";"Picea abies";1;0.56
"DAV";"Davos";2013;"2013-10-16";1;"9901";"Picea abies";2;0.59
"DAV";"Davos";2013;"2013-10-16";1;"9903";"Picea abies";2;0.65
"DAV";"Davos";2013;"2013-10-16";1;"9905";"Picea abies";2;0.63
"DAV";"Davos";2013;"2013-10-16";1;"9902";"Picea abies";2;0.62
"DAV";"Davos";2013;"2013-10-16";1;"9904";"Picea abies";2;0.68
"DAV";"Davos";2013;"2013-10-16";1;"9906";"Picea abies";2;0.9
"DAV";"Davos";2015;"2015-10-22";1;"9901";"Picea abies";1;0.46
"DAV";"Davos";2015;"2015-10-22";1;"9902";"Picea abies";1;0.6
"DAV";"Davos";2015;"2015-10-22";1;"9903";"Picea abies";1;0.44
"DAV";"Davos";2015;"2015-10-22";1;"9904";"Picea abies";1;0.41
"DAV";"Davos";2015;"2015-10-22";1;"9905";"Picea abies";1;0.33
"DAV";"Davos";2015;"2015-10-22";1;"9906";"Picea abies";1;0.47
"DAV";"Davos";2015;"2015-10-22";1;"9901";"Picea abies";2;0.52
"DAV";"Davos";2015;"2015-10-22";1;"9902";"Picea abies";2;0.51
"DAV";"Davos";2015;"2015-10-22";1;"9903";"Picea abies";2;0.42
"DAV";"Davos";2015;"2015-10-22";1;"9904";"Picea abies";2;0.4
"DAV";"Davos";2015;"2015-10-22";1;"9905";"Picea abies";2;0.36
"DAV";"Davos";2015;"2015-10-22";1;"9906";"Picea abies";2;0.46
"DAV";"Davos";2017;"2017-10-16";1;"9901";"Picea abies";1;0.35
"DAV";"Davos";2017;"2017-10-16";1;"9902";"Picea abies";1;0.48
"DAV";"Davos";2017;"2017-10-16";1;"9903";"Picea abies";1;0.54
"DAV";"Davos";2017;"2017-10-16";1;"9904";"Picea abies";1;0.47
"DAV";"Davos";2017;"2017-10-16";1;"9905";"Picea abies";1;0.38
"DAV";"Davos";2017;"2017-10-16";1;"9906";"Picea abies";1;0.42
"DAV";"Davos";2017;"2017-10-16";1;"9901";"Picea abies";2;0.51
"DAV";"Davos";2017;"2017-10-16";1;"9902";"Picea abies";2;0.42
"DAV";"Davos";2017;"2017-10-16";1;"9903";"Picea abies";2;0.53
"DAV";"Davos";2017;"2017-10-16";1;"9904";"Picea abies";2;0.46
"DAV";"Davos";2017;"2017-10-16";1;"9905";"Picea abies";2;0.29
"DAV";"Davos";2017;"2017-10-16";1;"9906";"Picea abies";2;0.49
"DAV";"Davos";2019;"2019-10-22";1;"9902";"Picea abies";1;0.46
"DAV";"Davos";2019;"2019-10-22";1;"9903";"Picea abies";1;0.56
"DAV";"Davos";2019;"2019-10-22";1;"9905";"Picea abies";1;0.52
"DAV";"Davos";2019;"2019-10-22";1;"9906";"Picea abies";1;0.48
"DAV";"Davos";2019;"2019-10-22";1;"9901";"Picea abies";1;0.49
"DAV";"Davos";2019;"2019-10-22";1;"9904";"Picea abies";1;0.6
"DAV";"Davos";2019;"2019-10-22";1;"9903";"Picea abies";2;0.45
"DAV";"Davos";2019;"2019-10-22";1;"9904";"Picea abies";2;0.48
"DAV";"Davos";2019;"2019-10-22";1;"9906";"Picea abies";2;0.5
"DAV";"Davos";2019;"2019-10-22";1;"9902";"Picea abies";2;0.42
"DAV";"Davos";2019;"2019-10-22";1;"9901";"Picea abies";2;0.41
"DAV";"Davos";2019;"2019-10-22";1;"9905";"Picea abies";2;0.41
"DAV";"Davos";2021;"2021-10-25";1;"9901";"Picea abies";1;0.47
"DAV";"Davos";2021;"2021-10-25";1;"9902";"Picea abies";1;0.49
"DAV";"Davos";2021;"2021-10-25";1;"9904";"Picea abies";1;0.43
"DAV";"Davos";2021;"2021-10-25";1;"9905";"Picea abies";1;0.47
"DAV";"Davos";2021;"2021-10-25";1;"9903";"Picea abies";1;0.57
"DAV";"Davos";2021;"2021-10-25";1;"9906";"Picea abies";1;0.5
"DAV";"Davos";2021;"2021-10-25";1;"9901";"Picea abies";2;0.39
"DAV";"Davos";2021;"2021-10-25";1;"9902";"Picea abies";2;0.43
"DAV";"Davos";2021;"2021-10-25";1;"9903";"Picea abies";2;0.49
"DAV";"Davos";2021;"2021-10-25";1;"9905";"Picea abies";2;0.27
"DAV";"Davos";2021;"2021-10-25";1;"9906";"Picea abies";2;0.36
"DAV";"Davos";2021;"2021-10-25";1;"9904";"Picea abies";2;0.3
"DAV";"Davos";2023;"2023-10-23";1;"9902";"Picea abies";1;0.29
"DAV";"Davos";2023;"2023-10-23";1;"9903";"Picea abies";1;0.53
"DAV";"Davos";2023;"2023-10-23";1;"9901";"Picea abies";1;0.44
"DAV";"Davos";2023;"2023-10-24";1;"9904";"Picea abies";1;0.57
"DAV";"Davos";2023;"2023-10-24";1;"9905";"Picea abies";1;0.38
"DAV";"Davos";2023;"2023-10-24";1;"9906";"Picea abies";1;0.49
"DAV";"Davos";2023;"2023-10-23";1;"9901";"Picea abies";2;0.46
"DAV";"Davos";2023;"2023-10-23";1;"9902";"Picea abies";2;0.61
"DAV";"Davos";2023;"2023-10-23";1;"9903";"Picea abies";2;0.67
"DAV";"Davos";2023;"2023-10-24";1;"9904";"Picea abies";2;0.6
"DAV";"Davos";2023;"2023-10-24";1;"9905";"Picea abies";2;0.42
"DAV";"Davos";2023;"2023-10-24";1;"9906";"Picea abies";2;0.54
"LAE";"Laegeren";2013;"2013-10-14";1;"9951";"Abies alba";1;0.35
"LAE";"Laegeren";2013;"2013-10-14";1;"9952";"Abies alba";1;0.27
"LAE";"Laegeren";2013;"2013-10-14";1;"9958";"Abies alba";1;0.29
"LAE";"Laegeren";2013;"2013-10-14";1;"9953";"Abies alba";1;0.2
"LAE";"Laegeren";2013;"2013-10-14";1;"9959";"Abies alba";1;0.31
"LAE";"Laegeren";2013;"2013-10-14";1;"9951";"Abies alba";2;0.68
"LAE";"Laegeren";2013;"2013-10-14";1;"9952";"Abies alba";2;0.6
"LAE";"Laegeren";2013;"2013-10-14";1;"9958";"Abies alba";2;0.85
"LAE";"Laegeren";2013;"2013-10-14";1;"9953";"Abies alba";2;0.49
"LAE";"Laegeren";2013;"2013-10-14";1;"9959";"Abies alba";2;0.63
"LAE";"Laegeren";2015;"2015-10-19";1;"9951";"Abies alba";1;0.48
"LAE";"Laegeren";2015;"2015-10-19";1;"9952";"Abies alba";1;0.36
"LAE";"Laegeren";2015;"2015-10-19";1;"9953";"Abies alba";1;0.28
"LAE";"Laegeren";2015;"2015-10-19";1;"9958";"Abies alba";1;0.58
"LAE";"Laegeren";2015;"2015-10-19";1;"9959";"Abies alba";1;0.3
"LAE";"Laegeren";2015;"2015-10-19";1;"9951";"Abies alba";2;0.61
"LAE";"Laegeren";2015;"2015-10-19";1;"9952";"Abies alba";2;0.42
"LAE";"Laegeren";2015;"2015-10-19";1;"9953";"Abies alba";2;0.43
"LAE";"Laegeren";2015;"2015-10-19";1;"9958";"Abies alba";2;0.65
"LAE";"Laegeren";2015;"2015-10-19";1;"9959";"Abies alba";2;0.48
"LAE";"Laegeren";2017;"2017-10-18";1;"9951";"Abies alba";1;0.55
"LAE";"Laegeren";2017;"2017-10-18";1;"9952";"Abies alba";1;0.43
"LAE";"Laegeren";2017;"2017-10-18";1;"9953";"Abies alba";1;0.31
"LAE";"Laegeren";2017;"2017-10-18";1;"9958";"Abies alba";1;0.5
"LAE";"Laegeren";2017;"2017-10-18";1;"9959";"Abies alba";1;0.45
"LAE";"Laegeren";2017;"2017-10-18";1;"9951";"Abies alba";2;0.58
"LAE";"Laegeren";2017;"2017-10-18";1;"9952";"Abies alba";2;0.28
"LAE";"Laegeren";2017;"2017-10-18";1;"9953";"Abies alba";2;0.26
"LAE";"Laegeren";2017;"2017-10-18";1;"9958";"Abies alba";2;0.48
"LAE";"Laegeren";2017;"2017-10-18";1;"9959";"Abies alba";2;0.46
"LAE";"Laegeren";2019;"2019-10-17";1;"9951";"Abies alba";1;0.37
"LAE";"Laegeren";2019;"2019-10-17";1;"9953";"Abies alba";1;0.25
"LAE";"Laegeren";2019;"2019-10-17";1;"9958";"Abies alba";1;0.52
"LAE";"Laegeren";2019;"2019-10-17";1;"9952";"Abies alba";1;0.41
"LAE";"Laegeren";2019;"2019-10-17";1;"9959";"Abies alba";1;0.37
"LAE";"Laegeren";2019;"2019-10-17";1;"9951";"Abies alba";2;0.38
"LAE";"Laegeren";2019;"2019-10-17";1;"9953";"Abies alba";2;0.32
"LAE";"Laegeren";2019;"2019-10-17";1;"9959";"Abies alba";2;0.31
"LAE";"Laegeren";2019;"2019-10-17";1;"9952";"Abies alba";2;0.27
"LAE";"Laegeren";2019;"2019-10-17";1;"9958";"Abies alba";2;0.24
"LAE";"Laegeren";2021;"2021-10-19";1;"9952";"Abies alba";1;0.54
"LAE";"Laegeren";2021;"2021-10-19";1;"9953";"Abies alba";1;0.37
"LAE";"Laegeren";2021;"2021-10-19";1;"9958";"Abies alba";1;0.64
"LAE";"Laegeren";2021;"2021-10-19";1;"9959";"Abies alba";1;0.4
"LAE";"Laegeren";2021;"2021-10-19";1;"9951";"Abies alba";1;0.44
"LAE";"Laegeren";2021;"2021-10-19";1;"9953";"Abies alba";2;0.16
"LAE";"Laegeren";2021;"2021-10-19";1;"9951";"Abies alba";2;0.38
"LAE";"Laegeren";2021;"2021-10-19";1;"9952";"Abies alba";2;0.18
"LAE";"Laegeren";2021;"2021-10-19";1;"9958";"Abies alba";2;0.23
"LAE";"Laegeren";2021;"2021-10-19";1;"9959";"Abies alba";2;0.22
"LAE";"Laegeren";2023;"2023-10-16";1;"9952";"Abies alba";1;0.59
"LAE";"Laegeren";2023;"2023-10-16";1;"9953";"Abies alba";1;0.39
"LAE";"Laegeren";2023;"2023-10-16";1;"9958";"Abies alba";1;0.55
"LAE";"Laegeren";2023;"2023-10-16";1;"9959";"Abies alba";1;0.46
"LAE";"Laegeren";2023;"2023-10-16";1;"9951";"Abies alba";1;0.63
"LAE";"Laegeren";2023;"2023-10-16";1;"9951";"Abies alba";2;0.41
"LAE";"Laegeren";2023;"2023-10-16";1;"9958";"Abies alba";2;0.32
"LAE";"Laegeren";2023;"2023-10-16";1;"9952";"Abies alba";2;0.29
"LAE";"Laegeren";2023;"2023-10-16";1;"9953";"Abies alba";2;0.16
"LAE";"Laegeren";2023;"2023-10-16";1;"9959";"Abies alba";2;0.31
"LAE";"Laegeren";2013;"2013-10-14";1;"9957";"Picea abies";1;0.44
"LAE";"Laegeren";2013;"2013-10-14";1;"9960";"Picea abies";1;0.62
"LAE";"Laegeren";2013;"2013-10-14";1;"9956";"Picea abies";1;0.47
"LAE";"Laegeren";2013;"2013-10-14";1;"9954";"Picea abies";1;0.58
"LAE";"Laegeren";2013;"2013-10-14";1;"9955";"Picea abies";1;0.67
"LAE";"Laegeren";2013;"2013-10-14";1;"9954";"Picea abies";2;0.85
"LAE";"Laegeren";2013;"2013-10-14";1;"9955";"Picea abies";2;0.84
"LAE";"Laegeren";2013;"2013-10-14";1;"9956";"Picea abies";2;0.79
"LAE";"Laegeren";2013;"2013-10-14";1;"9960";"Picea abies";2;0.8
"LAE";"Laegeren";2013;"2013-10-14";1;"9957";"Picea abies";2;0.53
"LAE";"Laegeren";2015;"2015-10-19";1;"9954";"Picea abies";1;0.64
"LAE";"Laegeren";2015;"2015-10-19";1;"9955";"Picea abies";1;0.59
"LAE";"Laegeren";2015;"2015-10-19";1;"9956";"Picea abies";1;0.52
"LAE";"Laegeren";2015;"2015-10-19";1;"9957";"Picea abies";1;0.4
"LAE";"Laegeren";2015;"2015-10-19";1;"9960";"Picea abies";1;0.51
"LAE";"Laegeren";2015;"2015-10-19";1;"9954";"Picea abies";2;0.57
"LAE";"Laegeren";2015;"2015-10-19";1;"9955";"Picea abies";2;0.6
"LAE";"Laegeren";2015;"2015-10-19";1;"9956";"Picea abies";2;0.52
"LAE";"Laegeren";2015;"2015-10-19";1;"9957";"Picea abies";2;0.38
"LAE";"Laegeren";2015;"2015-10-19";1;"9960";"Picea abies";2;0.55
"LAE";"Laegeren";2017;"2017-10-18";1;"9954";"Picea abies";1;0.67
"LAE";"Laegeren";2017;"2017-10-18";1;"9955";"Picea abies";1;0.67
"LAE";"Laegeren";2017;"2017-10-18";1;"9956";"Picea abies";1;0.53
"LAE";"Laegeren";2017;"2017-10-18";1;"9957";"Picea abies";1;0.33
"LAE";"Laegeren";2017;"2017-10-18";1;"9960";"Picea abies";1;0.36
"LAE";"Laegeren";2017;"2017-10-18";1;"9954";"Picea abies";2;0.9
"LAE";"Laegeren";2017;"2017-10-18";1;"9955";"Picea abies";2;0.78
"LAE";"Laegeren";2017;"2017-10-18";1;"9956";"Picea abies";2;0.84
"LAE";"Laegeren";2017;"2017-10-18";1;"9957";"Picea abies";2;0.49
"LAE";"Laegeren";2017;"2017-10-18";1;"9960";"Picea abies";2;0.49
"LAE";"Laegeren";2019;"2019-10-17";1;"9954";"Picea abies";1;0.61
"LAE";"Laegeren";2019;"2019-10-17";1;"9956";"Picea abies";1;0.69
"LAE";"Laegeren";2019;"2019-10-17";1;"9960";"Picea abies";1;0.47
"LAE";"Laegeren";2019;"2019-10-17";1;"9955";"Picea abies";1;0.57
"LAE";"Laegeren";2019;"2019-10-17";1;"9957";"Picea abies";1;0.45
"LAE";"Laegeren";2019;"2019-10-17";1;"9956";"Picea abies";2;0.45
"LAE";"Laegeren";2019;"2019-10-17";1;"9957";"Picea abies";2;0.22
"LAE";"Laegeren";2019;"2019-10-17";1;"9954";"Picea abies";2;0.57
"LAE";"Laegeren";2019;"2019-10-17";1;"9955";"Picea abies";2;0.42
"LAE";"Laegeren";2019;"2019-10-17";1;"9960";"Picea abies";2;0.63
"LAE";"Laegeren";2021;"2021-10-19";1;"9954";"Picea abies";1;0.72
"LAE";"Laegeren";2021;"2021-10-19";1;"9955";"Picea abies";1;0.66
"LAE";"Laegeren";2021;"2021-10-19";1;"9956";"Picea abies";1;0.42
"LAE";"Laegeren";2021;"2021-10-19";1;"9960";"Picea abies";1;0.42
"LAE";"Laegeren";2021;"2021-10-19";1;"9957";"Picea abies";1;0.42
"LAE";"Laegeren";2021;"2021-10-19";1;"9954";"Picea abies";2;0.42
"LAE";"Laegeren";2021;"2021-10-19";1;"9956";"Picea abies";2;0.34
"LAE";"Laegeren";2021;"2021-10-19";1;"9957";"Picea abies";2;0.3
"LAE";"Laegeren";2021;"2021-10-19";1;"9960";"Picea abies";2;0.36
"LAE";"Laegeren";2021;"2021-10-19";1;"9955";"Picea abies";2;0.38
"LAE";"Laegeren";2023;"2023-10-16";1;"9954";"Picea abies";1;0.72
"LAE";"Laegeren";2023;"2023-10-16";1;"9955";"Picea abies";1;0.48
"LAE";"Laegeren";2023;"2023-10-16";1;"9956";"Picea abies";1;0.52
"LAE";"Laegeren";2023;"2023-10-16";1;"9957";"Picea abies";1;0.45
"LAE";"Laegeren";2023;"2023-10-16";1;"9960";"Picea abies";1;0.62
"LAE";"Laegeren";2023;"2023-10-16";1;"9954";"Picea abies";2;0.49
"LAE";"Laegeren";2023;"2023-10-16";1;"9955";"Picea abies";2;0.42
"LAE";"Laegeren";2023;"2023-10-16";1;"9956";"Picea abies";2;0.45
"LAE";"Laegeren";2023;"2023-10-16";1;"9957";"Picea abies";2;0.38
"LAE";"Laegeren";2023;"2023-10-16";1;"9960";"Picea abies";2;0.64
"LAN";"Lantsch";2009;"2009-10-16";1;"9901";"Picea abies";1;0.42
"LAN";"Lantsch";2009;"2009-10-16";1;"9902";"Picea abies";1;0.3
"LAN";"Lantsch";2009;"2009-10-16";1;"9903";"Picea abies";1;0.4
"LAN";"Lantsch";2009;"2009-10-16";1;"9904";"Picea abies";1;0.24
"LAN";"Lantsch";2009;"2009-10-16";1;"9905";"Picea abies";1;0.51
"LAN";"Lantsch";2009;"2009-10-16";1;"9901";"Picea abies";2;0.59
"LAN";"Lantsch";2009;"2009-10-16";1;"9902";"Picea abies";2;0.32
"LAN";"Lantsch";2009;"2009-10-16";1;"9903";"Picea abies";2;0.6
"LAN";"Lantsch";2009;"2009-10-16";1;"9904";"Picea abies";2;0.33
"LAN";"Lantsch";2009;"2009-10-16";1;"9905";"Picea abies";2;0.68
"LAN";"Lantsch";2009;"2009-10-16";1;"9910";"Pinus sylvestris";1;1.2
"LAN";"Lantsch";2009;"2009-10-16";1;"9911";"Pinus sylvestris";1;0.91
"LAN";"Lantsch";2009;"2009-10-16";1;"9912";"Pinus sylvestris";1;0.95
"LAN";"Lantsch";2009;"2009-10-16";1;"9913";"Pinus sylvestris";1;1.08
"LAN";"Lantsch";2009;"2009-10-16";1;"9914";"Pinus sylvestris";1;1.43
"LAN";"Lantsch";2009;"2009-10-16";1;"9910";"Pinus sylvestris";2;1.4
"LAN";"Lantsch";2009;"2009-10-16";1;"9911";"Pinus sylvestris";2;0.87
"LAN";"Lantsch";2009;"2009-10-16";1;"9912";"Pinus sylvestris";2;1.02
"LAN";"Lantsch";2009;"2009-10-16";1;"9913";"Pinus sylvestris";2;1.45
"LAN";"Lantsch";2009;"2009-10-16";1;"9914";"Pinus sylvestris";2;1.46
"LAU";"Lausanne";2009;"2009-10-13";1;"9970";"Abies alba";1;0.44
"LAU";"Lausanne";2009;"2009-10-13";1;"9971";"Abies alba";1;0.55
"LAU";"Lausanne";2009;"2009-10-13";1;"9972";"Abies alba";1;0.2
"LAU";"Lausanne";2009;"2009-10-13";1;"9973";"Abies alba";1;0.49
"LAU";"Lausanne";2009;"2009-10-13";1;"9974";"Abies alba";1;0.44
"LAU";"Lausanne";2009;"2009-10-13";1;"9970";"Abies alba";2;0.94
"LAU";"Lausanne";2009;"2009-10-13";1;"9971";"Abies alba";2;1.02
"LAU";"Lausanne";2009;"2009-10-13";1;"9972";"Abies alba";2;0.58
"LAU";"Lausanne";2009;"2009-10-13";1;"9973";"Abies alba";2;0.73
"LAU";"Lausanne";2009;"2009-10-13";1;"9974";"Abies alba";2;0.79
"LEN";"Lens";1997;"1997-10-28";1;"9901";"Pinus sylvestris";1;1.1
"LEN";"Lens";1997;"1997-10-28";1;"9902";"Pinus sylvestris";1;0.76
"LEN";"Lens";1997;"1997-10-28";1;"9903";"Pinus sylvestris";1;0.5
"LEN";"Lens";1997;"1997-10-28";1;"9904";"Pinus sylvestris";1;0.87
"LEN";"Lens";1997;"1997-10-28";1;"9905";"Pinus sylvestris";1;0.88
"LEN";"Lens";1997;"1997-10-28";1;"9901";"Pinus sylvestris";2;0.51
"LEN";"Lens";1997;"1997-10-28";1;"9902";"Pinus sylvestris";2;0.44
"LEN";"Lens";1997;"1997-10-28";1;"9903";"Pinus sylvestris";2;0.41
"LEN";"Lens";1997;"1997-10-28";1;"9904";"Pinus sylvestris";2;0.45
"LEN";"Lens";1997;"1997-10-28";1;"9905";"Pinus sylvestris";2;0.44
"LEN";"Lens";1999;"1999-10-11";1;"9901";"Pinus sylvestris";1;1.55
"LEN";"Lens";1999;"1999-10-11";1;"9902";"Pinus sylvestris";1;1.03
"LEN";"Lens";1999;"1999-10-11";1;"9903";"Pinus sylvestris";1;0.93
"LEN";"Lens";1999;"1999-10-11";1;"9904";"Pinus sylvestris";1;1.88
"LEN";"Lens";1999;"1999-10-11";1;"9905";"Pinus sylvestris";1;1.23
"LEN";"Lens";1999;"1999-10-11";1;"9901";"Pinus sylvestris";2;1.05
"LEN";"Lens";1999;"1999-10-11";1;"9902";"Pinus sylvestris";2;1.1
"LEN";"Lens";1999;"1999-10-11";1;"9903";"Pinus sylvestris";2;0.48
"LEN";"Lens";1999;"1999-10-11";1;"9904";"Pinus sylvestris";2;0.3
"LEN";"Lens";1999;"1999-10-11";1;"9905";"Pinus sylvestris";2;0.5
"LEN";"Lens";2001;"2001-10-22";1;"9904";"Pinus sylvestris";1;0.89
"LEN";"Lens";2001;"2001-10-22";1;"9905";"Pinus sylvestris";1;0.94
"LEN";"Lens";2001;"2001-10-22";1;"9906";"Pinus sylvestris";1;0.93
"LEN";"Lens";2001;"2001-10-22";1;"9907";"Pinus sylvestris";1;0.74
"LEN";"Lens";2001;"2001-10-22";1;"9908";"Pinus sylvestris";1;0.92
"LEN";"Lens";2001;"2001-10-22";1;"9904";"Pinus sylvestris";2;0.8
"LEN";"Lens";2001;"2001-10-22";1;"9905";"Pinus sylvestris";2;0.96
"LEN";"Lens";2001;"2001-10-22";1;"9906";"Pinus sylvestris";2;1.32
"LEN";"Lens";2001;"2001-10-22";1;"9907";"Pinus sylvestris";2;0.73
"LEN";"Lens";2001;"2001-10-22";1;"9908";"Pinus sylvestris";2;0.92
"LEN";"Lens";2003;"2003-10-23";1;"9906";"Pinus sylvestris";1;0.91
"LEN";"Lens";2003;"2003-10-23";1;"9907";"Pinus sylvestris";1;1.03
"LEN";"Lens";2003;"2003-10-23";1;"9908";"Pinus sylvestris";1;0.84
"LEN";"Lens";2003;"2003-10-23";1;"9904";"Pinus sylvestris";1;0.75
"LEN";"Lens";2003;"2003-10-23";1;"9905";"Pinus sylvestris";1;1.11
"LEN";"Lens";2003;"2003-10-23";1;"9904";"Pinus sylvestris";2;0.44
"LEN";"Lens";2003;"2003-10-23";1;"9905";"Pinus sylvestris";2;0.63
"LEN";"Lens";2003;"2003-10-23";1;"9906";"Pinus sylvestris";2;0.44
"LEN";"Lens";2003;"2003-10-23";1;"9907";"Pinus sylvestris";2;0.46
"LEN";"Lens";2003;"2003-10-23";1;"9908";"Pinus sylvestris";2;0.54
"LEN";"Lens";2005;"2005-10-27";1;"9904";"Pinus sylvestris";1;0.71
"LEN";"Lens";2005;"2005-10-27";1;"9905";"Pinus sylvestris";1;1.06
"LEN";"Lens";2005;"2005-10-27";1;"9906";"Pinus sylvestris";1;1.04
"LEN";"Lens";2005;"2005-10-27";1;"9907";"Pinus sylvestris";1;1.09
"LEN";"Lens";2005;"2005-10-27";1;"9908";"Pinus sylvestris";1;0.6
"LEN";"Lens";2005;"2005-10-27";1;"9904";"Pinus sylvestris";2;0.47
"LEN";"Lens";2005;"2005-10-27";1;"9905";"Pinus sylvestris";2;0.93
"LEN";"Lens";2005;"2005-10-27";1;"9906";"Pinus sylvestris";2;0.85
"LEN";"Lens";2005;"2005-10-27";1;"9907";"Pinus sylvestris";2;0.81
"LEN";"Lens";2005;"2005-10-27";1;"9908";"Pinus sylvestris";2;0.44
"LEN";"Lens";2007;"2007-10-18";1;"9904";"Pinus sylvestris";1;1.46
"LEN";"Lens";2007;"2007-10-18";1;"9905";"Pinus sylvestris";1;1.18
"LEN";"Lens";2007;"2007-10-18";1;"9906";"Pinus sylvestris";1;1.39
"LEN";"Lens";2007;"2007-10-18";1;"9907";"Pinus sylvestris";1;1.27
"LEN";"Lens";2007;"2007-10-18";1;"9908";"Pinus sylvestris";1;1.31
"LEN";"Lens";2007;"2007-10-18";1;"9904";"Pinus sylvestris";2;1.63
"LEN";"Lens";2007;"2007-10-18";1;"9905";"Pinus sylvestris";2;1.61
"LEN";"Lens";2007;"2007-10-18";1;"9906";"Pinus sylvestris";2;1.62
"LEN";"Lens";2007;"2007-10-18";1;"9907";"Pinus sylvestris";2;1.56
"LEN";"Lens";2007;"2007-10-18";1;"9908";"Pinus sylvestris";2;1.68
"LEN";"Lens";2009;"2009-10-30";1;"9904";"Pinus sylvestris";1;0.8
"LEN";"Lens";2009;"2009-10-30";1;"9905";"Pinus sylvestris";1;0.56
"LEN";"Lens";2009;"2009-10-30";1;"9906";"Pinus sylvestris";1;0.95
"LEN";"Lens";2009;"2009-10-30";1;"9907";"Pinus sylvestris";1;0.92
"LEN";"Lens";2009;"2009-10-30";1;"9908";"Pinus sylvestris";1;0.71
"LEN";"Lens";2009;"2009-10-30";1;"9905";"Pinus sylvestris";2;0.55
"LEN";"Lens";2009;"2009-10-30";1;"9906";"Pinus sylvestris";2;0.7
"LEN";"Lens";2009;"2009-10-30";1;"9907";"Pinus sylvestris";2;0.53
"LEN";"Lens";2009;"2009-10-30";1;"9908";"Pinus sylvestris";2;0.46
"LEN";"Lens";2009;"2009-10-30";1;"9904";"Pinus sylvestris";2;0.53
"LEN";"Lens";2011;"2011-10-19";1;"9908";"Pinus sylvestris";1;0.27
"LEN";"Lens";2011;"2011-10-19";1;"9904";"Pinus sylvestris";1;0.18
"LEN";"Lens";2011;"2011-10-19";1;"9906";"Pinus sylvestris";1;0.18
"LEN";"Lens";2011;"2011-10-19";1;"9905";"Pinus sylvestris";1;0.45
"LEN";"Lens";2011;"2011-10-19";1;"9907";"Pinus sylvestris";1;0.26
"LEN";"Lens";2011;"2011-10-19";1;"9905";"Pinus sylvestris";2;0.86
"LEN";"Lens";2011;"2011-10-19";1;"9907";"Pinus sylvestris";2;0.64
"LEN";"Lens";2011;"2011-10-19";1;"9904";"Pinus sylvestris";2;0.61
"LEN";"Lens";2011;"2011-10-19";1;"9906";"Pinus sylvestris";2;0.65
"LEN";"Lens";2011;"2011-10-19";1;"9908";"Pinus sylvestris";2;0.93
"LEN";"Lens";2013;"2013-10-31";1;"9907 West";"Pinus sylvestris";1;2.2
"LEN";"Lens";2013;"2013-10-31";1;"9906";"Pinus sylvestris";1;1.87
"LEN";"Lens";2013;"2013-10-31";1;"9905";"Pinus sylvestris";1;1.99
"LEN";"Lens";2013;"2013-10-31";1;"9907";"Pinus sylvestris";1;2.05
"LEN";"Lens";2013;"2013-10-31";1;"9908";"Pinus sylvestris";1;1.75
"LEN";"Lens";2013;"2013-10-31";1;"9904";"Pinus sylvestris";1;1.36
"LEN";"Lens";2013;"2013-10-31";1;"9904";"Pinus sylvestris";2;1.2
"LEN";"Lens";2013;"2013-10-31";1;"9906";"Pinus sylvestris";2;1.3
"LEN";"Lens";2013;"2013-10-31";1;"9907";"Pinus sylvestris";2;2.05
"LEN";"Lens";2013;"2013-10-31";1;"9905";"Pinus sylvestris";2;1.91
"LEN";"Lens";2013;"2013-10-31";1;"9907 West";"Pinus sylvestris";2;2.45
"LEN";"Lens";2013;"2013-10-31";1;"9908";"Pinus sylvestris";2;1.45
"LEN";"Lens";2015;"2015-10-30";1;"9904";"Pinus sylvestris";1;1.08
"LEN";"Lens";2015;"2015-10-30";1;"9905";"Pinus sylvestris";1;1.49
"LEN";"Lens";2015;"2015-10-30";1;"9906";"Pinus sylvestris";1;1.4
"LEN";"Lens";2015;"2015-10-30";1;"9907";"Pinus sylvestris";1;1.06
"LEN";"Lens";2015;"2015-10-30";1;"9908";"Pinus sylvestris";1;1.23
"LEN";"Lens";2015;"2015-10-30";1;"9904";"Pinus sylvestris";2;0.59
"LEN";"Lens";2015;"2015-10-30";1;"9905";"Pinus sylvestris";2;1.12
"LEN";"Lens";2015;"2015-10-30";1;"9906";"Pinus sylvestris";2;1.04
"LEN";"Lens";2015;"2015-10-30";1;"9907";"Pinus sylvestris";2;0.86
"LEN";"Lens";2015;"2015-10-30";1;"9908";"Pinus sylvestris";2;0.61
"LEN";"Lens";2017;"2017-10-26";1;"9904";"Pinus sylvestris";1;0.22
"LEN";"Lens";2017;"2017-10-26";1;"9905";"Pinus sylvestris";1;0.37
"LEN";"Lens";2017;"2017-10-26";1;"9906Nord";"Pinus sylvestris";1;0.31
"LEN";"Lens";2017;"2017-10-26";1;"9906West";"Pinus sylvestris";1;0.4
"LEN";"Lens";2017;"2017-10-26";1;"9907";"Pinus sylvestris";1;0.28
"LEN";"Lens";2017;"2017-10-26";1;"9908";"Pinus sylvestris";1;0.24
"LEN";"Lens";2017;"2017-10-26";1;"9907";"Pinus sylvestris";2;0.98
"LEN";"Lens";2017;"2017-10-26";1;"9908";"Pinus sylvestris";2;0.65
"LEN";"Lens";2017;"2017-10-26";1;"9904";"Pinus sylvestris";2;0.85
"LEN";"Lens";2017;"2017-10-26";1;"9905";"Pinus sylvestris";2;0.92
"LEN";"Lens";2017;"2017-10-26";1;"9906";"Pinus sylvestris";2;0.85
"LEN";"Lens";2017;"2017-10-26";1;"9906";"Pinus sylvestris";2;0.85
"LEN";"Lens";2019;"2019-10-28";1;"9904";"Pinus sylvestris";1;0.76
"LEN";"Lens";2019;"2019-10-28";1;"9905";"Pinus sylvestris";1;1.31
"LEN";"Lens";2019;"2019-10-28";1;"9907";"Pinus sylvestris";1;0.68
"LEN";"Lens";2019;"2019-10-28";1;"9906";"Pinus sylvestris";1;0.96
"LEN";"Lens";2019;"2019-10-28";1;"9908";"Pinus sylvestris";1;1.11
"LEN";"Lens";2019;"2019-10-28";1;"9904";"Pinus sylvestris";2;1.11
"LEN";"Lens";2019;"2019-10-28";1;"9905";"Pinus sylvestris";2;2.18
"LEN";"Lens";2019;"2019-10-28";1;"9907";"Pinus sylvestris";2;1.38
"LEN";"Lens";2019;"2019-10-28";1;"9908";"Pinus sylvestris";2;1.24
"LEN";"Lens";2019;"2019-10-28";1;"9906";"Pinus sylvestris";2;1.51
"LEN";"Lens";2021;"2021-10-29";1;"9905";"Pinus sylvestris";1;1.06
"LEN";"Lens";2021;"2021-10-29";1;"9907";"Pinus sylvestris";1;1.14
"LEN";"Lens";2021;"2021-10-29";1;"9904";"Pinus sylvestris";1;1.26
"LEN";"Lens";2021;"2021-10-29";1;"9908";"Pinus sylvestris";1;0.93
"LEN";"Lens";2021;"2021-10-29";1;"9906";"Pinus sylvestris";1;1.03
"LEN";"Lens";2021;"2021-10-29";1;"9904";"Pinus sylvestris";2;1.12
"LEN";"Lens";2021;"2021-10-29";1;"9905";"Pinus sylvestris";2;1.42
"LEN";"Lens";2021;"2021-10-29";1;"9906";"Pinus sylvestris";2;1.25
"LEN";"Lens";2021;"2021-10-29";1;"9907";"Pinus sylvestris";2;2.08
"LEN";"Lens";2021;"2021-10-29";1;"9908";"Pinus sylvestris";2;1.06
"LEN";"Lens";2023;"2023-10-31";1;"9906";"Pinus sylvestris";1;1.33
"LEN";"Lens";2023;"2023-10-31";1;"9904";"Pinus sylvestris";1;0.85
"LEN";"Lens";2023;"2023-10-31";1;"9905";"Pinus sylvestris";1;0.94
"LEN";"Lens";2023;"2023-10-31";1;"9907";"Pinus sylvestris";1;1.18
"LEN";"Lens";2023;"2023-10-31";1;"9908";"Pinus sylvestris";1;1.06
"LEN";"Lens";2023;"2023-10-31";1;"9905";"Pinus sylvestris";2;0.49
"LEN";"Lens";2023;"2023-10-31";1;"9904";"Pinus sylvestris";2;0.27
"LEN";"Lens";2023;"2023-10-31";1;"9906";"Pinus sylvestris";2;0.33
"LEN";"Lens";2023;"2023-10-31";1;"9907";"Pinus sylvestris";2;0.53
"LEN";"Lens";2023;"2023-10-31";1;"9908";"Pinus sylvestris";2;0.42
"NAT";"Nationalpark";1997;"1997-10-20";1;"9901";"Pinus mugo arborea";1;0.99
"NAT";"Nationalpark";1997;"1997-10-20";1;"9902";"Pinus mugo arborea";1;1.3
"NAT";"Nationalpark";1997;"1997-10-20";1;"9903";"Pinus mugo arborea";1;1.6
"NAT";"Nationalpark";1997;"1997-10-20";1;"9904";"Pinus mugo arborea";1;1.06
"NAT";"Nationalpark";1997;"1997-10-20";1;"9905";"Pinus mugo arborea";1;1.73
"NAT";"Nationalpark";1997;"1997-10-20";1;"9903";"Pinus mugo arborea";2;1.52
"NAT";"Nationalpark";1997;"1997-10-20";1;"9904";"Pinus mugo arborea";2;1.06
"NAT";"Nationalpark";1997;"1997-10-20";1;"9905";"Pinus mugo arborea";2;1.61
"NAT";"Nationalpark";1997;"1997-10-20";1;"9901";"Pinus mugo arborea";2;0.93
"NAT";"Nationalpark";1997;"1997-10-20";1;"9902";"Pinus mugo arborea";2;1.39
"NAT";"Nationalpark";1999;"1999-10-18";1;"9901";"Pinus mugo arborea";1;1.18
"NAT";"Nationalpark";1999;"1999-10-18";1;"9902";"Pinus mugo arborea";1;1.63
"NAT";"Nationalpark";1999;"1999-10-18";1;"9903";"Pinus mugo arborea";1;1.75
"NAT";"Nationalpark";1999;"1999-10-18";1;"9904";"Pinus mugo arborea";1;1.2
"NAT";"Nationalpark";1999;"1999-10-18";1;"9905";"Pinus mugo arborea";1;1.63
"NAT";"Nationalpark";1999;"1999-10-18";1;"9901";"Pinus mugo arborea";2;1.08
"NAT";"Nationalpark";1999;"1999-10-18";1;"9902";"Pinus mugo arborea";2;1.35
"NAT";"Nationalpark";1999;"1999-10-18";1;"9903";"Pinus mugo arborea";2;1.68
"NAT";"Nationalpark";1999;"1999-10-18";1;"9904";"Pinus mugo arborea";2;1.3
"NAT";"Nationalpark";1999;"1999-10-18";1;"9905";"Pinus mugo arborea";2;1.5
"NAT";"Nationalpark";2001;"2001-10-09";1;"9903";"Pinus mugo arborea";1;1.37
"NAT";"Nationalpark";2001;"2001-10-09";1;"9904";"Pinus mugo arborea";1;0.99
"NAT";"Nationalpark";2001;"2001-10-09";1;"9905";"Pinus mugo arborea";1;1.46
"NAT";"Nationalpark";2001;"2001-10-09";1;"9901";"Pinus mugo arborea";1;1.45
"NAT";"Nationalpark";2001;"2001-10-09";1;"9902";"Pinus mugo arborea";1;1.26
"NAT";"Nationalpark";2001;"2001-10-09";1;"9901";"Pinus mugo arborea";2;1.26
"NAT";"Nationalpark";2001;"2001-10-09";1;"9902";"Pinus mugo arborea";2;1.19
"NAT";"Nationalpark";2001;"2001-10-09";1;"9903";"Pinus mugo arborea";2;1.21
"NAT";"Nationalpark";2001;"2001-10-09";1;"9904";"Pinus mugo arborea";2;0.97
"NAT";"Nationalpark";2001;"2001-10-09";1;"9905";"Pinus mugo arborea";2;1.18
"NAT";"Nationalpark";2003;"2003-10-21";1;"9901";"Pinus mugo arborea";1;1.33
"NAT";"Nationalpark";2003;"2003-10-21";1;"9903";"Pinus mugo arborea";1;1.47
"NAT";"Nationalpark";2003;"2003-10-21";1;"9904";"Pinus mugo arborea";1;0.87
"NAT";"Nationalpark";2003;"2003-10-21";1;"9905";"Pinus mugo arborea";1;1.56
"NAT";"Nationalpark";2003;"2003-10-21";1;"9902";"Pinus mugo arborea";1;1.35
"NAT";"Nationalpark";2003;"2003-10-21";1;"9901";"Pinus mugo arborea";2;1.38
"NAT";"Nationalpark";2003;"2003-10-21";1;"9902";"Pinus mugo arborea";2;1.6
"NAT";"Nationalpark";2003;"2003-10-21";1;"9903";"Pinus mugo arborea";2;1.48
"NAT";"Nationalpark";2003;"2003-10-21";1;"9904";"Pinus mugo arborea";2;1.05
"NAT";"Nationalpark";2003;"2003-10-21";1;"9905";"Pinus mugo arborea";2;1.38
"NAT";"Nationalpark";2005;"2005-10-05";1;"9901";"Pinus mugo arborea";1;1.15
"NAT";"Nationalpark";2005;"2005-10-05";1;"9902";"Pinus mugo arborea";1;1.09
"NAT";"Nationalpark";2005;"2005-10-05";1;"9903";"Pinus mugo arborea";1;1.61
"NAT";"Nationalpark";2005;"2005-10-05";1;"9904";"Pinus mugo arborea";1;0.9
"NAT";"Nationalpark";2005;"2005-10-05";1;"9905";"Pinus mugo arborea";1;1.33
"NAT";"Nationalpark";2005;"2005-10-05";1;"9901";"Pinus mugo arborea";2;1.52
"NAT";"Nationalpark";2005;"2005-10-05";1;"9902";"Pinus mugo arborea";2;1.37
"NAT";"Nationalpark";2005;"2005-10-05";1;"9903";"Pinus mugo arborea";2;1.78
"NAT";"Nationalpark";2005;"2005-10-05";1;"9904";"Pinus mugo arborea";2;1.07
"NAT";"Nationalpark";2005;"2005-10-05";1;"9905";"Pinus mugo arborea";2;1.52
"NAT";"Nationalpark";2007;"2007-10-11";1;"9901";"Pinus mugo arborea";1;1.35
"NAT";"Nationalpark";2007;"2007-10-11";1;"9902";"Pinus mugo arborea";1;1.56
"NAT";"Nationalpark";2007;"2007-10-11";1;"9903";"Pinus mugo arborea";1;1.92
"NAT";"Nationalpark";2007;"2007-10-11";1;"9904";"Pinus mugo arborea";1;0.98
"NAT";"Nationalpark";2007;"2007-10-11";1;"9905";"Pinus mugo arborea";1;1.2
"NAT";"Nationalpark";2007;"2007-10-11";1;"9901";"Pinus mugo arborea";2;1.33
"NAT";"Nationalpark";2007;"2007-10-11";1;"9902";"Pinus mugo arborea";2;1.55
"NAT";"Nationalpark";2007;"2007-10-11";1;"9903";"Pinus mugo arborea";2;1.72
"NAT";"Nationalpark";2007;"2007-10-11";1;"9905";"Pinus mugo arborea";2;1.42
"NAT";"Nationalpark";2007;"2007-10-11";1;"9904";"Pinus mugo arborea";2;1.05
"NAT";"Nationalpark";2009;"2009-10-15";1;"9901";"Pinus mugo arborea";1;0.86
"NAT";"Nationalpark";2009;"2009-10-15";1;"9902";"Pinus mugo arborea";1;1.18
"NAT";"Nationalpark";2009;"2009-10-15";1;"9903";"Pinus mugo arborea";1;1.41
"NAT";"Nationalpark";2009;"2009-10-15";1;"9904";"Pinus mugo arborea";1;0.9
"NAT";"Nationalpark";2009;"2009-10-15";1;"9905";"Pinus mugo arborea";1;1.07
"NAT";"Nationalpark";2009;"2009-10-15";1;"9901";"Pinus mugo arborea";2;1.33
"NAT";"Nationalpark";2009;"2009-10-15";1;"9902";"Pinus mugo arborea";2;1.39
"NAT";"Nationalpark";2009;"2009-10-15";1;"9903";"Pinus mugo arborea";2;1.49
"NAT";"Nationalpark";2009;"2009-10-15";1;"9904";"Pinus mugo arborea";2;1.04
"NAT";"Nationalpark";2009;"2009-10-15";1;"9905";"Pinus mugo arborea";2;1.13
"NAT";"Nationalpark";2011;"2011-10-12";1;"9902";"Pinus mugo arborea";1;1.08
"NAT";"Nationalpark";2011;"2011-10-12";1;"9904";"Pinus mugo arborea";1;1.04
"NAT";"Nationalpark";2011;"2011-10-12";1;"9901";"Pinus mugo arborea";1;0.81
"NAT";"Nationalpark";2011;"2011-10-12";1;"9903";"Pinus mugo arborea";1;0.91
"NAT";"Nationalpark";2011;"2011-10-12";1;"9905";"Pinus mugo arborea";1;0.98
"NAT";"Nationalpark";2011;"2011-10-12";1;"9905";"Pinus mugo arborea";2;1.03
"NAT";"Nationalpark";2011;"2011-10-12";1;"9902";"Pinus mugo arborea";2;1.48
"NAT";"Nationalpark";2011;"2011-10-12";1;"9903";"Pinus mugo arborea";2;1.14
"NAT";"Nationalpark";2011;"2011-10-12";1;"9901";"Pinus mugo arborea";2;1.15
"NAT";"Nationalpark";2011;"2011-10-12";1;"9904";"Pinus mugo arborea";2;1
"NAT";"Nationalpark";2013;"2013-10-23";1;"9902";"Pinus mugo arborea";1;1.48
"NAT";"Nationalpark";2013;"2013-10-23";1;"9903";"Pinus mugo arborea";1;1.23
"NAT";"Nationalpark";2013;"2013-10-23";1;"9904";"Pinus mugo arborea";1;0.84
"NAT";"Nationalpark";2013;"2013-10-23";1;"9901";"Pinus mugo arborea";1;1.18
"NAT";"Nationalpark";2013;"2013-10-23";1;"9905";"Pinus mugo arborea";1;1.07
"NAT";"Nationalpark";2013;"2013-10-23";1;"9904";"Pinus mugo arborea";2;0.99
"NAT";"Nationalpark";2013;"2013-10-23";1;"9905";"Pinus mugo arborea";2;1.2
"NAT";"Nationalpark";2013;"2013-10-23";1;"9901";"Pinus mugo arborea";2;1.45
"NAT";"Nationalpark";2013;"2013-10-23";1;"9903";"Pinus mugo arborea";2;1.35
"NAT";"Nationalpark";2013;"2013-10-23";1;"9902";"Pinus mugo arborea";2;1.55
"NAT";"Nationalpark";2015;"2015-10-21";1;"9905";"Pinus mugo arborea";1;1.33
"NAT";"Nationalpark";2015;"2015-10-21";1;"9901";"Pinus mugo arborea";1;0.92
"NAT";"Nationalpark";2015;"2015-10-21";1;"9902";"Pinus mugo arborea";1;1.15
"NAT";"Nationalpark";2015;"2015-10-21";1;"9903";"Pinus mugo arborea";1;1.05
"NAT";"Nationalpark";2015;"2015-10-21";1;"9904";"Pinus mugo arborea";1;0.96
"NAT";"Nationalpark";2015;"2015-10-21";1;"9901";"Pinus mugo arborea";2;1.3
"NAT";"Nationalpark";2015;"2015-10-21";1;"9902";"Pinus mugo arborea";2;1.29
"NAT";"Nationalpark";2015;"2015-10-21";1;"9903";"Pinus mugo arborea";2;0.81
"NAT";"Nationalpark";2015;"2015-10-21";1;"9904";"Pinus mugo arborea";2;0.82
"NAT";"Nationalpark";2015;"2015-10-21";1;"9905";"Pinus mugo arborea";2;1.22
"NAT";"Nationalpark";2017;"2017-10-17";1;"9901";"Pinus mugo arborea";1;0.82
"NAT";"Nationalpark";2017;"2017-10-17";1;"9902";"Pinus mugo arborea";1;1.45
"NAT";"Nationalpark";2017;"2017-10-17";1;"9903";"Pinus mugo arborea";1;1.07
"NAT";"Nationalpark";2017;"2017-10-17";1;"9904";"Pinus mugo arborea";1;0.85
"NAT";"Nationalpark";2017;"2017-10-17";1;"9905";"Pinus mugo arborea";1;1.13
"NAT";"Nationalpark";2017;"2017-10-17";1;"9901";"Pinus mugo arborea";2;1.11
"NAT";"Nationalpark";2017;"2017-10-17";1;"9902";"Pinus mugo arborea";2;1.6
"NAT";"Nationalpark";2017;"2017-10-17";1;"9903";"Pinus mugo arborea";2;1.24
"NAT";"Nationalpark";2017;"2017-10-17";1;"9904";"Pinus mugo arborea";2;1.14
"NAT";"Nationalpark";2017;"2017-10-17";1;"9905";"Pinus mugo arborea";2;1.09
"NAT";"Nationalpark";2019;"2019-10-23";1;"9903";"Pinus mugo arborea";1;1.41
"NAT";"Nationalpark";2019;"2019-10-23";1;"9904";"Pinus mugo arborea";1;1.2
"NAT";"Nationalpark";2019;"2019-10-23";1;"9902";"Pinus mugo arborea";1;1.66
"NAT";"Nationalpark";2019;"2019-10-23";1;"9905";"Pinus mugo arborea";1;1.44
"NAT";"Nationalpark";2019;"2019-10-23";1;"9906";"Pinus mugo arborea";1;1.55
"NAT";"Nationalpark";2019;"2019-10-23";1;"9902";"Pinus mugo arborea";2;1.51
"NAT";"Nationalpark";2019;"2019-10-23";1;"9904";"Pinus mugo arborea";2;1.1
"NAT";"Nationalpark";2019;"2019-10-23";1;"9903";"Pinus mugo arborea";2;1.2
"NAT";"Nationalpark";2019;"2019-10-23";1;"9905";"Pinus mugo arborea";2;1.15
"NAT";"Nationalpark";2019;"2019-10-23";1;"9906";"Pinus mugo arborea";2;1.06
"NAT";"Nationalpark";2021;"2021-10-25";1;"9907";"Pinus mugo arborea";1;1.36
"NAT";"Nationalpark";2021;"2021-10-25";1;"9908";"Pinus mugo arborea";1;1.26
"NAT";"Nationalpark";2021;"2021-10-25";1;"9909";"Pinus mugo arborea";1;0.97
"NAT";"Nationalpark";2021;"2021-10-25";1;"9910";"Pinus mugo arborea";1;1.25
"NAT";"Nationalpark";2021;"2021-10-25";1;"9911";"Pinus mugo arborea";1;1.36
"NAT";"Nationalpark";2021;"2021-10-25";1;"9907";"Pinus mugo arborea";2;0.94
"NAT";"Nationalpark";2021;"2021-10-25";1;"9908";"Pinus mugo arborea";2;0.8
"NAT";"Nationalpark";2021;"2021-10-25";1;"9909";"Pinus mugo arborea";2;0.72
"NAT";"Nationalpark";2021;"2021-10-25";1;"9911";"Pinus mugo arborea";2;1.2
"NAT";"Nationalpark";2021;"2021-10-25";1;"9910";"Pinus mugo arborea";2;1.21
"NAT";"Nationalpark";2023;"2023-10-23";1;"9908";"Pinus mugo arborea";1;1.41
"NAT";"Nationalpark";2023;"2023-10-23";1;"9907";"Pinus mugo arborea";1;1.3
"NAT";"Nationalpark";2023;"2023-10-23";1;"9909";"Pinus mugo arborea";1;1.13
"NAT";"Nationalpark";2023;"2023-10-23";1;"9910";"Pinus mugo arborea";1;1.05
"NAT";"Nationalpark";2023;"2023-10-23";1;"9911";"Pinus mugo arborea";1;1.44
"NAT";"Nationalpark";2023;"2023-10-23";1;"9908";"Pinus mugo arborea";2;1.1
"NAT";"Nationalpark";2023;"2023-10-23";1;"9910";"Pinus mugo arborea";2;1.38
"NAT";"Nationalpark";2023;"2023-10-23";1;"9907";"Pinus mugo arborea";2;1.15
"NAT";"Nationalpark";2023;"2023-10-23";1;"9909";"Pinus mugo arborea";2;1.09
"NAT";"Nationalpark";2023;"2023-10-23";1;"9911";"Pinus mugo arborea";2;1.53
"VIS";"Visp";1997;"1997-10-27";1;"9904";"Pinus sylvestris";1;1.15
"VIS";"Visp";1997;"1997-10-27";1;"9905";"Pinus sylvestris";1;0.51
"VIS";"Visp";1997;"1997-10-27";1;"9901";"Pinus sylvestris";1;1.02
"VIS";"Visp";1997;"1997-10-27";1;"9902";"Pinus sylvestris";1;1.2
"VIS";"Visp";1997;"1997-10-27";1;"9903";"Pinus sylvestris";1;1.07
"VIS";"Visp";1997;"1997-10-27";1;"9902";"Pinus sylvestris";2;0.4
"VIS";"Visp";1997;"1997-10-27";1;"9903";"Pinus sylvestris";2;0.61
"VIS";"Visp";1997;"1997-10-27";1;"9904";"Pinus sylvestris";2;0.47
"VIS";"Visp";1997;"1997-10-27";1;"9905";"Pinus sylvestris";2;0.73
"VIS";"Visp";1997;"1997-10-27";1;"9901";"Pinus sylvestris";2;0.47
"VIS";"Visp";1999;"1999-10-11";1;"9909";"Pinus sylvestris";1;0.7
"VIS";"Visp";1999;"1999-10-11";1;"9904";"Pinus sylvestris";1;0.65
"VIS";"Visp";1999;"1999-10-11";1;"9906";"Pinus sylvestris";1;0.63
"VIS";"Visp";1999;"1999-10-11";1;"9907";"Pinus sylvestris";1;0.93
"VIS";"Visp";1999;"1999-10-11";1;"9908";"Pinus sylvestris";1;0.8
"VIS";"Visp";1999;"1999-10-11";1;"9904";"Pinus sylvestris";2;0.22
"VIS";"Visp";1999;"1999-10-11";1;"9906";"Pinus sylvestris";2;0.64
"VIS";"Visp";1999;"1999-10-11";1;"9907";"Pinus sylvestris";2;0.8
"VIS";"Visp";1999;"1999-10-11";1;"9908";"Pinus sylvestris";2;0.84
"VIS";"Visp";1999;"1999-10-11";1;"9909";"Pinus sylvestris";2;0.53
"VIS";"Visp";2001;"2001-10-18";1;"9907";"Pinus sylvestris";1;1.33
"VIS";"Visp";2001;"2001-10-18";1;"9908";"Pinus sylvestris";1;1.23
"VIS";"Visp";2001;"2001-10-18";1;"9909";"Pinus sylvestris";1;0.88
"VIS";"Visp";2001;"2001-10-18";1;"9910";"Pinus sylvestris";1;1.03
"VIS";"Visp";2001;"2001-10-18";1;"9911";"Pinus sylvestris";1;1.18
"VIS";"Visp";2001;"2001-10-18";1;"9911";"Pinus sylvestris";2;1.58
"VIS";"Visp";2001;"2001-10-18";1;"9907";"Pinus sylvestris";2;1.48
"VIS";"Visp";2001;"2001-10-18";1;"9908";"Pinus sylvestris";2;1.63
"VIS";"Visp";2001;"2001-10-18";1;"9909";"Pinus sylvestris";2;1.33
"VIS";"Visp";2001;"2001-10-18";1;"9910";"Pinus sylvestris";2;1.04
"VIS";"Visp";2003;"2003-10-23";1;"9907";"Pinus sylvestris";1;1.32
"VIS";"Visp";2003;"2003-10-23";1;"9908";"Pinus sylvestris";1;0.84
"VIS";"Visp";2003;"2003-10-23";1;"9909";"Pinus sylvestris";1;0.89
"VIS";"Visp";2003;"2003-10-23";1;"9910";"Pinus sylvestris";1;0.64
"VIS";"Visp";2003;"2003-10-23";1;"9911";"Pinus sylvestris";1;0.97
"VIS";"Visp";2003;"2003-10-23";1;"9912";"Pinus sylvestris";1;1.31
"VIS";"Visp";2003;"2003-10-23";1;"9907";"Pinus sylvestris";2;1.2
"VIS";"Visp";2003;"2003-10-23";1;"9908";"Pinus sylvestris";2;0.93
"VIS";"Visp";2003;"2003-10-23";1;"9909";"Pinus sylvestris";2;0.75
"VIS";"Visp";2003;"2003-10-23";1;"9910";"Pinus sylvestris";2;0.75
"VIS";"Visp";2003;"2003-10-23";1;"9911";"Pinus sylvestris";2;0.65
"VIS";"Visp";2003;"2003-10-23";1;"9912";"Pinus sylvestris";2;2.03
"VIS";"Visp";2005;"2005-10-27";1;"9908";"Pinus sylvestris";1;1.28
"VIS";"Visp";2005;"2005-10-27";1;"9909";"Pinus sylvestris";1;1.26
"VIS";"Visp";2005;"2005-10-27";1;"9911";"Pinus sylvestris";1;0.66
"VIS";"Visp";2005;"2005-10-27";1;"9912";"Pinus sylvestris";1;1.55
"VIS";"Visp";2005;"2005-10-27";1;"9913";"Pinus sylvestris";1;1.23
"VIS";"Visp";2005;"2005-10-27";1;"9908";"Pinus sylvestris";2;0.51
"VIS";"Visp";2005;"2005-10-27";1;"9909";"Pinus sylvestris";2;0.79
"VIS";"Visp";2005;"2005-10-27";1;"9911";"Pinus sylvestris";2;0.57
"VIS";"Visp";2005;"2005-10-27";1;"9912";"Pinus sylvestris";2;1.05
"VIS";"Visp";2005;"2005-10-27";1;"9913";"Pinus sylvestris";2;0.64
"VIS";"Visp";2007;"2007-10-18";1;"9908";"Pinus sylvestris";1;1.09
"VIS";"Visp";2007;"2007-10-18";1;"9909";"Pinus sylvestris";1;1.23
"VIS";"Visp";2007;"2007-10-18";1;"9911";"Pinus sylvestris";1;1.14
"VIS";"Visp";2007;"2007-10-18";1;"9912";"Pinus sylvestris";1;1.87
"VIS";"Visp";2007;"2007-10-18";1;"9913";"Pinus sylvestris";1;0.81
"VIS";"Visp";2007;"2007-10-18";1;"9908";"Pinus sylvestris";2;1.46
"VIS";"Visp";2007;"2007-10-18";1;"9909";"Pinus sylvestris";2;1.38
"VIS";"Visp";2007;"2007-10-18";1;"9911";"Pinus sylvestris";2;1.29
"VIS";"Visp";2007;"2007-10-18";1;"9912";"Pinus sylvestris";2;2.09
"VIS";"Visp";2007;"2007-10-18";1;"9913";"Pinus sylvestris";2;1.53
"VIS";"Visp";2009;"2009-10-29";1;"9908";"Pinus sylvestris";1;0.99
"VIS";"Visp";2009;"2009-10-29";1;"9909";"Pinus sylvestris";1;0.84
"VIS";"Visp";2009;"2009-10-29";1;"9911";"Pinus sylvestris";1;0.95
"VIS";"Visp";2009;"2009-10-29";1;"9912";"Pinus sylvestris";1;1.3
"VIS";"Visp";2009;"2009-10-29";1;"9913";"Pinus sylvestris";1;0.65
"VIS";"Visp";2009;"2009-10-29";1;"9908";"Pinus sylvestris";2;1.63
"VIS";"Visp";2009;"2009-10-29";1;"9909";"Pinus sylvestris";2;0.76
"VIS";"Visp";2009;"2009-10-29";1;"9911";"Pinus sylvestris";2;0.66
"VIS";"Visp";2009;"2009-10-29";1;"9912";"Pinus sylvestris";2;1.4
"VIS";"Visp";2009;"2009-10-29";1;"9913";"Pinus sylvestris";2;0.66
"VIS";"Visp";2011;"2011-10-19";1;"9908";"Pinus sylvestris";1;0.9
"VIS";"Visp";2011;"2011-10-19";1;"9909";"Pinus sylvestris";1;0.38
"VIS";"Visp";2011;"2011-10-19";1;"9911";"Pinus sylvestris";1;0.56
"VIS";"Visp";2011;"2011-10-19";1;"9912";"Pinus sylvestris";1;1.07
"VIS";"Visp";2011;"2011-10-19";1;"9913";"Pinus sylvestris";1;0.39
"VIS";"Visp";2011;"2011-10-19";1;"9908";"Pinus sylvestris";2;1.46
"VIS";"Visp";2011;"2011-10-19";1;"9909";"Pinus sylvestris";2;0.8
"VIS";"Visp";2011;"2011-10-19";1;"9911";"Pinus sylvestris";2;1.1
"VIS";"Visp";2011;"2011-10-19";1;"9913";"Pinus sylvestris";2;0.75
"VIS";"Visp";2011;"2011-10-19";1;"9912";"Pinus sylvestris";2;1.86
"VIS";"Visp";2013;"2013-10-31";1;"9911";"Pinus sylvestris";1;1
"VIS";"Visp";2013;"2013-10-31";1;"9913";"Pinus sylvestris";1;1.01
"VIS";"Visp";2013;"2013-10-31";1;"9908";"Pinus sylvestris";1;1.64
"VIS";"Visp";2013;"2013-10-31";1;"9909";"Pinus sylvestris";1;1.37
"VIS";"Visp";2013;"2013-10-31";1;"9912";"Pinus sylvestris";1;1.84
"VIS";"Visp";2013;"2013-10-31";1;"9908";"Pinus sylvestris";2;1.48
"VIS";"Visp";2013;"2013-10-31";1;"9911";"Pinus sylvestris";2;1.13
"VIS";"Visp";2013;"2013-10-31";1;"9913";"Pinus sylvestris";2;1.16
"VIS";"Visp";2013;"2013-10-31";1;"9909";"Pinus sylvestris";2;1.22
"VIS";"Visp";2013;"2013-10-31";1;"9912";"Pinus sylvestris";2;1.68
"VIS";"Visp";2015;"2015-10-30";1;"9908";"Pinus sylvestris";1;1.46
"VIS";"Visp";2015;"2015-10-30";1;"9911";"Pinus sylvestris";1;0.88
"VIS";"Visp";2015;"2015-10-30";1;"9912";"Pinus sylvestris";1;1.47
"VIS";"Visp";2015;"2015-10-30";1;"9913";"Pinus sylvestris";1;0.95
"VIS";"Visp";2015;"2015-10-30";1;"9909";"Pinus sylvestris";1;1.08
"VIS";"Visp";2015;"2015-10-30";1;"9908";"Pinus sylvestris";2;1.4
"VIS";"Visp";2015;"2015-10-30";1;"9909";"Pinus sylvestris";2;0.89
"VIS";"Visp";2015;"2015-10-30";1;"9911";"Pinus sylvestris";2;0.78
"VIS";"Visp";2015;"2015-10-30";1;"9912";"Pinus sylvestris";2;1.11
"VIS";"Visp";2015;"2015-10-30";1;"9913";"Pinus sylvestris";2;0.68
"VIS";"Visp";2017;"2017-10-26";1;"9908";"Pinus sylvestris";1;0.34
"VIS";"Visp";2017;"2017-10-26";1;"9909";"Pinus sylvestris";1;0.3
"VIS";"Visp";2017;"2017-10-26";1;"9911";"Pinus sylvestris";1;0.23
"VIS";"Visp";2017;"2017-10-26";1;"9912";"Pinus sylvestris";1;0.36
"VIS";"Visp";2017;"2017-10-26";1;"9913";"Pinus sylvestris";1;0.29
"VIS";"Visp";2017;"2017-10-26";1;"9914";"Pinus sylvestris";1;0.24
"VIS";"Visp";2017;"2017-10-26";1;"9908";"Pinus sylvestris";2;0.92
"VIS";"Visp";2017;"2017-10-26";1;"9909";"Pinus sylvestris";2;0.69
"VIS";"Visp";2017;"2017-10-26";1;"9911";"Pinus sylvestris";2;0.75
"VIS";"Visp";2017;"2017-10-26";1;"9912";"Pinus sylvestris";2;0.65
"VIS";"Visp";2017;"2017-10-26";1;"9913";"Pinus sylvestris";2;0.36
"VIS";"Visp";2017;"2017-10-26";1;"9914";"Pinus sylvestris";2;0.6
"VIS";"Visp";2019;"2019-10-28";1;"9913";"Pinus sylvestris";1;1.05
"VIS";"Visp";2019;"2019-10-28";1;"9914";"Pinus sylvestris";1;0.59
"VIS";"Visp";2019;"2019-10-28";1;"9915";"Pinus sylvestris";1;0.75
"VIS";"Visp";2019;"2019-10-28";1;"9916";"Pinus sylvestris";1;0.93
"VIS";"Visp";2019;"2019-10-28";1;"9917";"Pinus sylvestris";1;0.77
"VIS";"Visp";2019;"2019-10-28";1;"9918";"Pinus sylvestris";1;0.63
"VIS";"Visp";2019;"2019-10-28";1;"9913";"Pinus sylvestris";2;1.4
"VIS";"Visp";2019;"2019-10-28";1;"9914";"Pinus sylvestris";2;1.18
"VIS";"Visp";2019;"2019-10-28";1;"9915";"Pinus sylvestris";2;1.69
"VIS";"Visp";2019;"2019-10-28";1;"9916";"Pinus sylvestris";2;0.93
"VIS";"Visp";2019;"2019-10-28";1;"9917";"Pinus sylvestris";2;0.77
"VIS";"Visp";2019;"2019-10-28";1;"9918";"Pinus sylvestris";2;0.63
"VIS";"Visp";2021;"2021-10-29";1;"9913";"Pinus sylvestris";1;0.72
"VIS";"Visp";2021;"2021-10-29";1;"9916";"Pinus sylvestris";1;0.75
"VIS";"Visp";2021;"2021-10-29";1;"9917";"Pinus sylvestris";1;0.83
"VIS";"Visp";2021;"2021-10-29";1;"9918";"Pinus sylvestris";1;0.69
"VIS";"Visp";2021;"2021-10-29";1;"9919";"Pinus sylvestris";1;0.82
"VIS";"Visp";2021;"2021-10-29";1;"9914";"Pinus sylvestris";1;0.75
"VIS";"Visp";2021;"2021-10-29";1;"9914";"Pinus sylvestris";2;1.19
"VIS";"Visp";2021;"2021-10-29";1;"9916";"Pinus sylvestris";2;1.1
"VIS";"Visp";2021;"2021-10-29";1;"9917";"Pinus sylvestris";2;1.31
"VIS";"Visp";2021;"2021-10-29";1;"9919";"Pinus sylvestris";2;0.67
"VIS";"Visp";2021;"2021-10-29";1;"9913";"Pinus sylvestris";2;1.19
"VIS";"Visp";2021;"2021-10-29";1;"9918";"Pinus sylvestris";2;0.85
"VIS";"Visp";2023;"2023-10-30";1;"9918";"Pinus sylvestris";1;0.65
"VIS";"Visp";2023;"2023-10-30";1;"9914";"Pinus sylvestris";1;0.33
"VIS";"Visp";2023;"2023-10-30";1;"9917";"Pinus sylvestris";1;0.36
"VIS";"Visp";2023;"2023-10-30";1;"9913";"Pinus sylvestris";1;0.37
"VIS";"Visp";2023;"2023-10-30";1;"9920";"Pinus sylvestris";1;1.39
"VIS";"Visp";2023;"2023-10-30";1;"9917";"Pinus sylvestris";2;0.64
"VIS";"Visp";2023;"2023-10-30";1;"9913";"Pinus sylvestris";2;0.68
"VIS";"Visp";2023;"2023-10-30";1;"9914";"Pinus sylvestris";2;0.68
"VIS";"Visp";2023;"2023-10-30";1;"9918";"Pinus sylvestris";2;0.61
"VIS";"Visp";2023;"2023-10-30";1;"9920";"Pinus sylvestris";2;1.59
"VOR";"Vordemwald";1995;"1995-11-15";1;"9952";"Abies alba";1;0.52
"VOR";"Vordemwald";1995;"1995-11-15";1;"9953";"Abies alba";1;0.46
"VOR";"Vordemwald";1995;"1995-11-15";1;"9954";"Abies alba";1;0.52
"VOR";"Vordemwald";1995;"1995-11-15";1;"9950";"Abies alba";1;0.39
"VOR";"Vordemwald";1995;"1995-11-15";1;"9951";"Abies alba";1;0.59
"VOR";"Vordemwald";1995;"1995-11-15";1;"9951";"Abies alba";2;0.55
"VOR";"Vordemwald";1995;"1995-11-15";1;"9952";"Abies alba";2;0.58
"VOR";"Vordemwald";1995;"1995-11-15";1;"9953";"Abies alba";2;0.48
"VOR";"Vordemwald";1995;"1995-11-15";1;"9954";"Abies alba";2;0.46
"VOR";"Vordemwald";1995;"1995-11-15";1;"9950";"Abies alba";2;0.31
"VOR";"Vordemwald";1997;"1997-10-23";1;"9950";"Abies alba";1;0.55
"VOR";"Vordemwald";1997;"1997-10-23";1;"9951";"Abies alba";1;0.38
"VOR";"Vordemwald";1997;"1997-10-23";1;"9952";"Abies alba";1;0.66
"VOR";"Vordemwald";1997;"1997-10-23";1;"9953";"Abies alba";1;0.4
"VOR";"Vordemwald";1997;"1997-10-23";1;"9954";"Abies alba";1;0.48
"VOR";"Vordemwald";1997;"1997-10-23";1;"9950";"Abies alba";2;0.74
"VOR";"Vordemwald";1997;"1997-10-23";1;"9951";"Abies alba";2;0.8
"VOR";"Vordemwald";1997;"1997-10-23";1;"9952";"Abies alba";2;0.79
"VOR";"Vordemwald";1997;"1997-10-23";1;"9953";"Abies alba";2;0.96
"VOR";"Vordemwald";1997;"1997-10-23";1;"9954";"Abies alba";2;0.72
"VOR";"Vordemwald";1999;"1999-09-29";1;"9950";"Abies alba";1;0.35
"VOR";"Vordemwald";1999;"1999-09-29";1;"9951";"Abies alba";1;0.35
"VOR";"Vordemwald";1999;"1999-10-07";1;"9954";"Abies alba";1;0.43
"VOR";"Vordemwald";1999;"1999-10-07";1;"9952";"Abies alba";1;0.53
"VOR";"Vordemwald";1999;"1999-10-07";1;"9953";"Abies alba";1;0.55
"VOR";"Vordemwald";1999;"1999-09-29";1;"9950";"Abies alba";2;0.4
"VOR";"Vordemwald";1999;"1999-09-29";1;"9951";"Abies alba";2;0.53
"VOR";"Vordemwald";1999;"1999-10-07";1;"9952";"Abies alba";2;0.63
"VOR";"Vordemwald";1999;"1999-10-07";1;"9953";"Abies alba";2;0.63
"VOR";"Vordemwald";1999;"1999-10-07";1;"9954";"Abies alba";2;0.6
"VOR";"Vordemwald";2001;"2001-10-02";1;"9950";"Abies alba";1;0.36
"VOR";"Vordemwald";2001;"2001-10-02";1;"9951";"Abies alba";1;0.42
"VOR";"Vordemwald";2001;"2001-10-02";1;"9952";"Abies alba";1;0.59
"VOR";"Vordemwald";2001;"2001-10-02";1;"9953";"Abies alba";1;0.5
"VOR";"Vordemwald";2001;"2001-10-02";1;"9954";"Abies alba";1;0.57
"VOR";"Vordemwald";2001;"2001-10-02";1;"9950";"Abies alba";2;0.62
"VOR";"Vordemwald";2001;"2001-10-02";1;"9951";"Abies alba";2;0.64
"VOR";"Vordemwald";2001;"2001-10-02";1;"9952";"Abies alba";2;0.79
"VOR";"Vordemwald";2001;"2001-10-02";1;"9953";"Abies alba";2;0.58
"VOR";"Vordemwald";2001;"2001-10-02";1;"9954";"Abies alba";2;0.72
"VOR";"Vordemwald";2003;"2003-09-30";1;"9950";"Abies alba";1;0.26
"VOR";"Vordemwald";2003;"2003-09-30";1;"9951";"Abies alba";1;0.5
"VOR";"Vordemwald";2003;"2003-09-30";1;"9952";"Abies alba";1;0.49
"VOR";"Vordemwald";2003;"2003-09-30";1;"9953";"Abies alba";1;0.39
"VOR";"Vordemwald";2003;"2003-09-30";1;"9954";"Abies alba";1;0.32
"VOR";"Vordemwald";2003;"2003-09-30";1;"9950";"Abies alba";2;0.9
"VOR";"Vordemwald";2003;"2003-09-30";1;"9951";"Abies alba";2;0.81
"VOR";"Vordemwald";2003;"2003-09-30";1;"9952";"Abies alba";2;0.77
"VOR";"Vordemwald";2003;"2003-09-30";1;"9953";"Abies alba";2;0.69
"VOR";"Vordemwald";2003;"2003-09-30";1;"9954";"Abies alba";2;0.83
"VOR";"Vordemwald";2005;"2005-10-25";1;"9950";"Abies alba";1;0.48
"VOR";"Vordemwald";2005;"2005-10-25";1;"9951";"Abies alba";1;0.5
"VOR";"Vordemwald";2005;"2005-10-25";1;"9952";"Abies alba";1;0.52
"VOR";"Vordemwald";2005;"2005-10-25";1;"9953";"Abies alba";1;0.53
"VOR";"Vordemwald";2005;"2005-10-25";1;"9954";"Abies alba";1;0.39
"VOR";"Vordemwald";2005;"2005-10-25";1;"9952";"Abies alba";2;0.74
"VOR";"Vordemwald";2005;"2005-10-25";1;"9953";"Abies alba";2;0.78
"VOR";"Vordemwald";2005;"2005-10-25";1;"9954";"Abies alba";2;0.57
"VOR";"Vordemwald";2005;"2005-10-25";1;"9950";"Abies alba";2;0.66
"VOR";"Vordemwald";2005;"2005-10-25";1;"9951";"Abies alba";2;0.67
"VOR";"Vordemwald";2007;"2007-10-22";1;"9950";"Abies alba";1;0.59
"VOR";"Vordemwald";2007;"2007-10-22";1;"9951";"Abies alba";1;0.75
"VOR";"Vordemwald";2007;"2007-10-22";1;"9952";"Abies alba";1;0.9
"VOR";"Vordemwald";2007;"2007-10-22";1;"9953";"Abies alba";1;0.58
"VOR";"Vordemwald";2007;"2007-10-22";1;"9954";"Abies alba";1;0.63
"VOR";"Vordemwald";2007;"2007-10-22";1;"9950";"Abies alba";2;0.5
"VOR";"Vordemwald";2007;"2007-10-22";1;"9951";"Abies alba";2;0.46
"VOR";"Vordemwald";2007;"2007-10-22";1;"9952";"Abies alba";2;0.64
"VOR";"Vordemwald";2007;"2007-10-22";1;"9953";"Abies alba";2;0.28
"VOR";"Vordemwald";2007;"2007-10-22";1;"9954";"Abies alba";2;0.51
"VOR";"Vordemwald";2009;"2009-10-20";1;"9950";"Abies alba";1;0.21
"VOR";"Vordemwald";2009;"2009-10-20";1;"9951";"Abies alba";1;0.3
"VOR";"Vordemwald";2009;"2009-10-20";1;"9952";"Abies alba";1;0.24
"VOR";"Vordemwald";2009;"2009-10-20";1;"9953";"Abies alba";1;0.14
"VOR";"Vordemwald";2009;"2009-10-20";1;"9954";"Abies alba";1;0.41
"VOR";"Vordemwald";2009;"2009-10-20";1;"9950";"Abies alba";2;0.38
"VOR";"Vordemwald";2009;"2009-10-20";1;"9951";"Abies alba";2;0.41
"VOR";"Vordemwald";2009;"2009-10-20";1;"9952";"Abies alba";2;0.54
"VOR";"Vordemwald";2009;"2009-10-20";1;"9953";"Abies alba";2;0.44
"VOR";"Vordemwald";2009;"2009-10-20";1;"9954";"Abies alba";2;0.48
"VOR";"Vordemwald";2011;"2011-10-18";1;"9952";"Abies alba";1;0.54
"VOR";"Vordemwald";2011;"2011-10-18";1;"9953";"Abies alba";1;0.47
"VOR";"Vordemwald";2011;"2011-10-18";1;"9954";"Abies alba";1;0.25
"VOR";"Vordemwald";2011;"2011-10-18";1;"9950";"Abies alba";1;0.1
"VOR";"Vordemwald";2011;"2011-10-18";1;"9951";"Abies alba";1;0.08
"VOR";"Vordemwald";2011;"2011-10-18";1;"9950";"Abies alba";2;0.4
"VOR";"Vordemwald";2011;"2011-10-18";1;"9951";"Abies alba";2;0.5
"VOR";"Vordemwald";2011;"2011-10-18";1;"9953";"Abies alba";2;0.51
"VOR";"Vordemwald";2011;"2011-10-18";1;"9954";"Abies alba";2;0.38
"VOR";"Vordemwald";2011;"2011-10-18";1;"9952";"Abies alba";2;0.67
"VOR";"Vordemwald";2013;"2013-10-14";1;"9953";"Abies alba";1;0.2
"VOR";"Vordemwald";2013;"2013-10-14";1;"9950";"Abies alba";1;0.11
"VOR";"Vordemwald";2013;"2013-10-14";1;"9952";"Abies alba";1;0.2
"VOR";"Vordemwald";2013;"2013-10-14";1;"9954";"Abies alba";1;0.39
"VOR";"Vordemwald";2013;"2013-10-14";1;"9951";"Abies alba";1;0.19
"VOR";"Vordemwald";2013;"2013-10-14";1;"9951";"Abies alba";2;0.57
"VOR";"Vordemwald";2013;"2013-10-14";1;"9953";"Abies alba";2;0.5
"VOR";"Vordemwald";2013;"2013-10-14";1;"9950";"Abies alba";2;0.34
"VOR";"Vordemwald";2013;"2013-10-14";1;"9952";"Abies alba";2;0.72
"VOR";"Vordemwald";2013;"2013-10-14";1;"9954";"Abies alba";2;0.72
"VOR";"Vordemwald";2015;"2015-10-19";1;"9950";"Abies alba";1;0.27
"VOR";"Vordemwald";2015;"2015-10-19";1;"9951";"Abies alba";1;0.39
"VOR";"Vordemwald";2015;"2015-10-19";1;"9952";"Abies alba";1;0.53
"VOR";"Vordemwald";2015;"2015-10-19";1;"9953";"Abies alba";1;0.4
"VOR";"Vordemwald";2015;"2015-10-19";1;"9954";"Abies alba";1;0.25
"VOR";"Vordemwald";2015;"2015-10-19";1;"9950";"Abies alba";2;0.32
"VOR";"Vordemwald";2015;"2015-10-19";1;"9951";"Abies alba";2;0.52
"VOR";"Vordemwald";2015;"2015-10-19";1;"9952";"Abies alba";2;0.65
"VOR";"Vordemwald";2015;"2015-10-19";1;"9953";"Abies alba";2;0.42
"VOR";"Vordemwald";2015;"2015-10-19";1;"9954";"Abies alba";2;0.7
"VOR";"Vordemwald";2017;"2017-10-18";1;"9950";"Abies alba";1;0.3
"VOR";"Vordemwald";2017;"2017-10-18";1;"9951";"Abies alba";1;0.39
"VOR";"Vordemwald";2017;"2017-10-18";1;"9952";"Abies alba";1;0.54
"VOR";"Vordemwald";2017;"2017-10-18";1;"9953";"Abies alba";1;0.33
"VOR";"Vordemwald";2017;"2017-10-18";1;"9954";"Abies alba";1;0.37
"VOR";"Vordemwald";2017;"2017-10-18";1;"9950";"Abies alba";2;0.26
"VOR";"Vordemwald";2017;"2017-10-18";1;"9951";"Abies alba";2;0.39
"VOR";"Vordemwald";2017;"2017-10-18";1;"9952";"Abies alba";2;0.3
"VOR";"Vordemwald";2017;"2017-10-18";1;"9953";"Abies alba";2;0.22
"VOR";"Vordemwald";2017;"2017-10-18";1;"9954";"Abies alba";2;0.62
"VOR";"Vordemwald";2019;"2019-10-16";1;"9950";"Abies alba";1;0.31
"VOR";"Vordemwald";2019;"2019-10-16";1;"9951";"Abies alba";1;0.41
"VOR";"Vordemwald";2019;"2019-10-16";1;"9952";"Abies alba";1;0.48
"VOR";"Vordemwald";2019;"2019-10-16";1;"9953";"Abies alba";1;0.35
"VOR";"Vordemwald";2019;"2019-10-16";1;"9954";"Abies alba";1;0.52
"VOR";"Vordemwald";2019;"2019-10-16";1;"9950";"Abies alba";2;0.22
"VOR";"Vordemwald";2019;"2019-10-16";1;"9951";"Abies alba";2;0.24
"VOR";"Vordemwald";2019;"2019-10-16";1;"9952";"Abies alba";2;0.33
"VOR";"Vordemwald";2019;"2019-10-16";1;"9953";"Abies alba";2;0.28
"VOR";"Vordemwald";2019;"2019-10-16";1;"9954";"Abies alba";2;0.36
"VOR";"Vordemwald";2021;"2021-10-19";1;"9950";"Abies alba";1;0.3
"VOR";"Vordemwald";2021;"2021-10-19";1;"9951";"Abies alba";1;0.49
"VOR";"Vordemwald";2021;"2021-10-19";1;"9952";"Abies alba";1;0.65
"VOR";"Vordemwald";2021;"2021-10-19";1;"9953";"Abies alba";1;0.38
"VOR";"Vordemwald";2021;"2021-10-19";1;"9954";"Abies alba";1;0.63
"VOR";"Vordemwald";2021;"2021-10-19";1;"9950";"Abies alba";2;0.23
"VOR";"Vordemwald";2021;"2021-10-19";1;"9951";"Abies alba";2;0.18
"VOR";"Vordemwald";2021;"2021-10-19";1;"9952";"Abies alba";2;0.31
"VOR";"Vordemwald";2021;"2021-10-19";1;"9954";"Abies alba";2;0.24
"VOR";"Vordemwald";2021;"2021-10-19";1;"9953";"Abies alba";2;0.29
"VOR";"Vordemwald";2023;"2023-10-16";1;"9950";"Abies alba";1;0.29
"VOR";"Vordemwald";2023;"2023-10-16";1;"9953";"Abies alba";1;0.54
"VOR";"Vordemwald";2023;"2023-10-16";1;"9951";"Abies alba";1;0.5
"VOR";"Vordemwald";2023;"2023-10-16";1;"9952";"Abies alba";1;0.72
"VOR";"Vordemwald";2023;"2023-10-16";1;"9954";"Abies alba";1;0.64
"VOR";"Vordemwald";2023;"2023-10-16";1;"9950";"Abies alba";2;0.13
"VOR";"Vordemwald";2023;"2023-10-16";1;"9952";"Abies alba";2;0.3
"VOR";"Vordemwald";2023;"2023-10-16";1;"9953";"Abies alba";2;0.26
"VOR";"Vordemwald";2023;"2023-10-16";1;"9954";"Abies alba";2;0.33
"VOR";"Vordemwald";2023;"2023-10-16";1;"9951";"Abies alba";2;0.14
"VOR";"Vordemwald";2009;"2009-10-20";1;"9971";"Picea abies";1;0.4
"VOR";"Vordemwald";2009;"2009-10-20";1;"9972";"Picea abies";1;0.62
"VOR";"Vordemwald";2009;"2009-10-20";1;"9973";"Picea abies";1;1.02
"VOR";"Vordemwald";2009;"2009-10-20";1;"9974";"Picea abies";1;0.52
"VOR";"Vordemwald";2009;"2009-10-20";1;"9970";"Picea abies";1;0.4
"VOR";"Vordemwald";2009;"2009-10-20";1;"9970";"Picea abies";2;0.53
"VOR";"Vordemwald";2009;"2009-10-20";1;"9972";"Picea abies";2;0.54
"VOR";"Vordemwald";2009;"2009-10-20";1;"9971";"Picea abies";2;0.46
"VOR";"Vordemwald";2009;"2009-10-20";1;"9973";"Picea abies";2;1.12
"VOR";"Vordemwald";2009;"2009-10-20";1;"9974";"Picea abies";2;0.48
"BET";"Bettlachstock";1997;"1997-08-12";2;"9902";"Fagus sylvatica";1;9.4
"BET";"Bettlachstock";1997;"1997-08-12";2;"9903";"Fagus sylvatica";1;9.4
"BET";"Bettlachstock";1997;"1997-08-12";2;"9905";"Fagus sylvatica";1;14.3
"BET";"Bettlachstock";1997;"1997-08-12";2;"9901";"Fagus sylvatica";1;12.4
"BET";"Bettlachstock";1997;"1997-08-12";2;"9904";"Fagus sylvatica";1;20.6
"BET";"Bettlachstock";1999;"1999-06-28";2;"9901";"Fagus sylvatica";1;NA
"BET";"Bettlachstock";1999;"1999-06-28";2;"9902";"Fagus sylvatica";1;NA
"BET";"Bettlachstock";1999;"1999-06-28";2;"9903";"Fagus sylvatica";1;NA
"BET";"Bettlachstock";1999;"1999-06-28";2;"9904";"Fagus sylvatica";1;NA
"BET";"Bettlachstock";1999;"1999-06-28";2;"9905";"Fagus sylvatica";1;NA
"BET";"Bettlachstock";2001;"2001-08-06";2;"9901";"Fagus sylvatica";1;13.09
"BET";"Bettlachstock";2001;"2001-08-06";2;"9902";"Fagus sylvatica";1;11.67
"BET";"Bettlachstock";2001;"2001-08-06";2;"9903";"Fagus sylvatica";1;14.7
"BET";"Bettlachstock";2001;"2001-08-06";2;"9904";"Fagus sylvatica";1;26.94
"BET";"Bettlachstock";2001;"2001-08-06";2;"9905";"Fagus sylvatica";1;15.97
"BET";"Bettlachstock";2003;"2003-08-12";2;"9902";"Fagus sylvatica";1;9
"BET";"Bettlachstock";2003;"2003-08-12";2;"9903";"Fagus sylvatica";1;11.57
"BET";"Bettlachstock";2003;"2003-08-12";2;"9904";"Fagus sylvatica";1;15.22
"BET";"Bettlachstock";2003;"2003-08-12";2;"9905";"Fagus sylvatica";1;10.07
"BET";"Bettlachstock";2003;"2003-08-12";2;"9901";"Fagus sylvatica";1;8.41
"BET";"Bettlachstock";2005;"2005-08-08";2;"9905";"Fagus sylvatica";1;13.29
"BET";"Bettlachstock";2005;"2005-08-08";2;"9902";"Fagus sylvatica";1;8.93
"BET";"Bettlachstock";2005;"2005-08-08";2;"9903";"Fagus sylvatica";1;11.4
"BET";"Bettlachstock";2005;"2005-08-08";2;"9901";"Fagus sylvatica";1;10.98
"BET";"Bettlachstock";2005;"2005-08-08";2;"9904";"Fagus sylvatica";1;14.95
"BET";"Bettlachstock";2007;"2007-08-14";2;"9901";"Fagus sylvatica";1;11.21
"BET";"Bettlachstock";2007;"2007-08-14";2;"9902";"Fagus sylvatica";1;10.09
"BET";"Bettlachstock";2007;"2007-08-14";2;"9903";"Fagus sylvatica";1;9.09
"BET";"Bettlachstock";2007;"2007-08-14";2;"9904";"Fagus sylvatica";1;17.6
"BET";"Bettlachstock";2007;"2007-08-14";2;"9905";"Fagus sylvatica";1;14.55
"BET";"Bettlachstock";2009;"2009-08-10";2;"9903";"Fagus sylvatica";1;11.21
"BET";"Bettlachstock";2009;"2009-08-10";2;"9904";"Fagus sylvatica";1;19.93
"BET";"Bettlachstock";2009;"2009-08-10";2;"9905";"Fagus sylvatica";1;12.22
"BET";"Bettlachstock";2009;"2009-08-10";2;"9901";"Fagus sylvatica";1;9.08
"BET";"Bettlachstock";2009;"2009-08-10";2;"9902";"Fagus sylvatica";1;9.25
"BET";"Bettlachstock";2011;"2011-08-08";2;"9904";"Fagus sylvatica";1;12.32
"BET";"Bettlachstock";2011;"2011-08-08";2;"9903";"Fagus sylvatica";1;5.73
"BET";"Bettlachstock";2011;"2011-08-08";2;"9905";"Fagus sylvatica";1;6.65
"BET";"Bettlachstock";2011;"2011-08-08";2;"9901";"Fagus sylvatica";1;6.38
"BET";"Bettlachstock";2011;"2011-08-08";2;"9902";"Fagus sylvatica";1;5.48
"BET";"Bettlachstock";2013;"2013-08-12";2;"9903";"Fagus sylvatica";1;10.29
"BET";"Bettlachstock";2013;"2013-08-12";2;"9904";"Fagus sylvatica";1;11.58
"BET";"Bettlachstock";2013;"2013-08-12";2;"9905";"Fagus sylvatica";1;10.89
"BET";"Bettlachstock";2013;"2013-08-12";2;"9901";"Fagus sylvatica";1;10.59
"BET";"Bettlachstock";2013;"2013-08-12";2;"9902";"Fagus sylvatica";1;7.67
"BET";"Bettlachstock";2015;"2015-08-12";2;"9902";"Fagus sylvatica";1;9.39
"BET";"Bettlachstock";2015;"2015-08-12";2;"9903";"Fagus sylvatica";1;7.16
"BET";"Bettlachstock";2015;"2015-08-12";2;"9904";"Fagus sylvatica";1;15.94
"BET";"Bettlachstock";2015;"2015-08-12";2;"9905";"Fagus sylvatica";1;10.78
"BET";"Bettlachstock";2015;"2015-08-12";2;"9901";"Fagus sylvatica";1;9.2
"BET";"Bettlachstock";2017;"2017-08-15";2;"9903";"Fagus sylvatica";1;11.11
"BET";"Bettlachstock";2017;"2017-08-15";2;"9904";"Fagus sylvatica";1;12.73
"BET";"Bettlachstock";2017;"2017-08-15";2;"9905";"Fagus sylvatica";1;13
"BET";"Bettlachstock";2017;"2017-08-15";2;"9901";"Fagus sylvatica";1;10.31
"BET";"Bettlachstock";2017;"2017-08-15";2;"9902";"Fagus sylvatica";1;10.3
"BET";"Bettlachstock";2019;"2019-08-13";2;"9902";"Fagus sylvatica";1;9.38
"BET";"Bettlachstock";2019;"2019-08-13";2;"9903";"Fagus sylvatica";1;11.65
"BET";"Bettlachstock";2019;"2019-08-13";2;"9905";"Fagus sylvatica";1;12.88
"BET";"Bettlachstock";2019;"2019-08-13";2;"9901";"Fagus sylvatica";1;7.63
"BET";"Bettlachstock";2019;"2019-08-13";2;"9904";"Fagus sylvatica";1;13.21
"BET";"Bettlachstock";2021;"2021-08-17";2;"9905";"Fagus sylvatica";1;14.84
"BET";"Bettlachstock";2021;"2021-08-17";2;"9906";"Fagus sylvatica";1;11.12
"BET";"Bettlachstock";2021;"2021-08-17";2;"9903";"Fagus sylvatica";1;8.89
"BET";"Bettlachstock";2021;"2021-08-17";2;"9901";"Fagus sylvatica";1;7.64
"BET";"Bettlachstock";2021;"2021-08-17";2;"9902";"Fagus sylvatica";1;9.8
"BET";"Bettlachstock";2021;"2021-08-17";2;"9904";"Fagus sylvatica";1;12.62
"BET";"Bettlachstock";2023;"2023-08-18";2;"9906";"Fagus sylvatica";1;9.37
"BET";"Bettlachstock";2023;"2023-08-18";2;"9904";"Fagus sylvatica";1;11.3
"BET";"Bettlachstock";2023;"2023-08-18";2;"9901";"Fagus sylvatica";1;10.26
"BET";"Bettlachstock";2023;"2023-08-18";2;"9902";"Fagus sylvatica";1;8.81
"BET";"Bettlachstock";2023;"2023-08-18";2;"9905";"Fagus sylvatica";1;10.88
"BET";"Bettlachstock";2025;"2025-08-13";2;"9902";"Fagus sylvatica";1;10.08
"BET";"Bettlachstock";2025;"2025-08-13";2;"9905";"Fagus sylvatica";1;14.3
"BET";"Bettlachstock";2025;"2025-08-13";2;"9906";"Fagus sylvatica";1;14.41
"BET";"Bettlachstock";2025;"2025-08-13";2;"9901";"Fagus sylvatica";1;13.64
"BET";"Bettlachstock";2025;"2025-08-13";2;"9904";"Fagus sylvatica";1;18.25
"ISO";"Isone";1997;"1997-08-20";2;"9901";"Fagus sylvatica";1;15.9
"ISO";"Isone";1997;"1997-08-20";2;"9902";"Fagus sylvatica";1;19
"ISO";"Isone";1997;"1997-08-20";2;"9903";"Fagus sylvatica";1;16.1
"ISO";"Isone";1997;"1997-08-20";2;"9904";"Fagus sylvatica";1;13.8
"ISO";"Isone";1997;"1997-08-20";2;"9905";"Fagus sylvatica";1;18.3
"ISO";"Isone";1999;"1999-08-10";2;"9901";"Fagus sylvatica";1;NA
"ISO";"Isone";1999;"1999-08-10";2;"9902";"Fagus sylvatica";1;NA
"ISO";"Isone";1999;"1999-08-10";2;"9903";"Fagus sylvatica";1;NA
"ISO";"Isone";1999;"1999-08-10";2;"9904";"Fagus sylvatica";1;NA
"ISO";"Isone";1999;"1999-08-10";2;"9905";"Fagus sylvatica";1;NA
"ISO";"Isone";2001;"2001-08-16";2;"9901";"Fagus sylvatica";1;15.56
"ISO";"Isone";2001;"2001-08-16";2;"9902";"Fagus sylvatica";1;14.05
"ISO";"Isone";2001;"2001-08-16";2;"9903";"Fagus sylvatica";1;10.98
"ISO";"Isone";2001;"2001-08-16";2;"9904";"Fagus sylvatica";1;12.85
"ISO";"Isone";2001;"2001-08-16";2;"9905";"Fagus sylvatica";1;18.3
"ISO";"Isone";2003;"2003-08-18";2;"9901";"Fagus sylvatica";1;15.23
"ISO";"Isone";2003;"2003-08-18";2;"9902";"Fagus sylvatica";1;13.84
"ISO";"Isone";2003;"2003-08-18";2;"9903";"Fagus sylvatica";1;13.48
"ISO";"Isone";2003;"2003-08-18";2;"9904";"Fagus sylvatica";1;13.92
"ISO";"Isone";2003;"2003-08-18";2;"9905";"Fagus sylvatica";1;16.48
"ISO";"Isone";2005;"2005-08-17";2;"9901";"Fagus sylvatica";1;17.38
"ISO";"Isone";2005;"2005-08-17";2;"9902";"Fagus sylvatica";1;16.91
"ISO";"Isone";2005;"2005-08-17";2;"9903";"Fagus sylvatica";1;15.09
"ISO";"Isone";2005;"2005-08-17";2;"9904";"Fagus sylvatica";1;15.08
"ISO";"Isone";2005;"2005-08-17";2;"9905";"Fagus sylvatica";1;19.68
"ISO";"Isone";2007;"2007-08-23";2;"9901";"Fagus sylvatica";1;19.64
"ISO";"Isone";2007;"2007-08-23";2;"9902";"Fagus sylvatica";1;14.46
"ISO";"Isone";2007;"2007-08-23";2;"9903";"Fagus sylvatica";1;14.3
"ISO";"Isone";2007;"2007-08-23";2;"9904";"Fagus sylvatica";1;17.94
"ISO";"Isone";2007;"2007-08-23";2;"9905";"Fagus sylvatica";1;20.49
"ISO";"Isone";2009;"2009-08-18";2;"9901";"Fagus sylvatica";1;14.66
"ISO";"Isone";2009;"2009-08-18";2;"9902";"Fagus sylvatica";1;13.06
"ISO";"Isone";2009;"2009-08-18";2;"9903";"Fagus sylvatica";1;8.84
"ISO";"Isone";2009;"2009-08-18";2;"9904";"Fagus sylvatica";1;8.36
"ISO";"Isone";2009;"2009-08-18";2;"9905";"Fagus sylvatica";1;16.31
"ISO";"Isone";2011;"2011-08-24";2;"9903";"Fagus sylvatica";1;6.59
"ISO";"Isone";2011;"2011-08-24";2;"9904";"Fagus sylvatica";1;10.27
"ISO";"Isone";2011;"2011-08-24";2;"9901";"Fagus sylvatica";1;12.36
"ISO";"Isone";2011;"2011-08-24";2;"9902";"Fagus sylvatica";1;9.32
"ISO";"Isone";2011;"2011-08-24";2;"9905";"Fagus sylvatica";1;11.63
"ISO";"Isone";2013;"2013-08-21";2;"9901";"Fagus sylvatica";1;12.27
"ISO";"Isone";2013;"2013-08-21";2;"9902";"Fagus sylvatica";1;11.99
"ISO";"Isone";2013;"2013-08-21";2;"9903";"Fagus sylvatica";1;13.8
"ISO";"Isone";2013;"2013-08-21";2;"9904";"Fagus sylvatica";1;7.19
"ISO";"Isone";2013;"2013-08-21";2;"9905";"Fagus sylvatica";1;16.76
"ISO";"Isone";2015;"2015-08-27";2;"9901";"Fagus sylvatica";1;16.94
"ISO";"Isone";2015;"2015-08-27";2;"9903";"Fagus sylvatica";1;11.42
"ISO";"Isone";2015;"2015-08-27";2;"9904";"Fagus sylvatica";1;15.38
"ISO";"Isone";2015;"2015-08-27";2;"9905";"Fagus sylvatica";1;15.5
"ISO";"Isone";2015;"2015-08-27";2;"9902";"Fagus sylvatica";1;13.83
"ISO";"Isone";2017;"2017-08-25";2;"9901";"Fagus sylvatica";1;11.2
"ISO";"Isone";2017;"2017-08-25";2;"9902";"Fagus sylvatica";1;9.76
"ISO";"Isone";2017;"2017-08-25";2;"9903";"Fagus sylvatica";1;4.29
"ISO";"Isone";2017;"2017-08-25";2;"9904";"Fagus sylvatica";1;9.74
"ISO";"Isone";2017;"2017-08-25";2;"9905";"Fagus sylvatica";1;14.34
"ISO";"Isone";2019;"2019-08-21";2;"9901";"Fagus sylvatica";1;14.12
"ISO";"Isone";2019;"2019-08-21";2;"9902";"Fagus sylvatica";1;9.95
"ISO";"Isone";2019;"2019-08-21";2;"9903";"Fagus sylvatica";1;8.82
"ISO";"Isone";2019;"2019-08-21";2;"9904";"Fagus sylvatica";1;12.31
"ISO";"Isone";2019;"2019-08-21";2;"9905";"Fagus sylvatica";1;13.35
"ISO";"Isone";2021;"2021-08-19";2;"9901";"Fagus sylvatica";1;15.67
"ISO";"Isone";2021;"2021-08-19";2;"9902";"Fagus sylvatica";1;10.8
"ISO";"Isone";2021;"2021-08-19";2;"9903";"Fagus sylvatica";1;9.65
"ISO";"Isone";2021;"2021-08-19";2;"9904";"Fagus sylvatica";1;11.23
"ISO";"Isone";2021;"2021-08-19";2;"9905";"Fagus sylvatica";1;17.63
"ISO";"Isone";2023;"2023-08-21";2;"9904";"Fagus sylvatica";1;14.56
"ISO";"Isone";2023;"2023-08-21";2;"9901";"Fagus sylvatica";1;19.83
"ISO";"Isone";2023;"2023-08-21";2;"9902";"Fagus sylvatica";1;12.25
"ISO";"Isone";2023;"2023-08-21";2;"9903";"Fagus sylvatica";1;13.15
"ISO";"Isone";2023;"2023-08-21";2;"9905";"Fagus sylvatica";1;20.63
"ISO";"Isone";2025;"2025-08-18";2;"9901";"Fagus sylvatica";1;15.86
"ISO";"Isone";2025;"2025-08-18";2;"9903";"Fagus sylvatica";1;11.01
"ISO";"Isone";2025;"2025-08-18";2;"9904";"Fagus sylvatica";1;10.94
"ISO";"Isone";2025;"2025-08-18";2;"9905";"Fagus sylvatica";1;15.69
"ISO";"Isone";2025;"2025-08-18";2;"9902";"Fagus sylvatica";1;10.12
"JUS";"Jussy";1997;"1997-08-26";2;"9904";"Carpinus betulus";1;9.8
"JUS";"Jussy";1997;"1997-08-26";2;"9901";"Carpinus betulus";1;12
"JUS";"Jussy";1997;"1997-08-27";2;"9931";"Carpinus betulus";1;8.3
"JUS";"Jussy";1997;"1997-08-27";2;"9934";"Carpinus betulus";1;10.1
"JUS";"Jussy";1997;"1997-08-27";2;"9935";"Carpinus betulus";1;15.2
"JUS";"Jussy";1999;"1999-07-07";2;"9934";"Carpinus betulus";1;11.33
"JUS";"Jussy";1999;"1999-07-07";2;"9935";"Carpinus betulus";1;14.67
"JUS";"Jussy";1999;"1999-07-07";2;"9901";"Carpinus betulus";1;11.67
"JUS";"Jussy";1999;"1999-07-07";2;"9904";"Carpinus betulus";1;12.33
"JUS";"Jussy";1999;"1999-07-07";2;"9931";"Carpinus betulus";1;15
"JUS";"Jussy";2001;"2001-08-14";2;"9901";"Carpinus betulus";1;13.66
"JUS";"Jussy";2001;"2001-08-14";2;"9904";"Carpinus betulus";1;14.32
"JUS";"Jussy";2001;"2001-08-14";2;"9931";"Carpinus betulus";1;14.21
"JUS";"Jussy";2001;"2001-08-14";2;"9934";"Carpinus betulus";1;15.34
"JUS";"Jussy";2001;"2001-08-14";2;"9935";"Carpinus betulus";1;10.13
"JUS";"Jussy";2003;"2003-08-13";2;"9901";"Carpinus betulus";1;16.12
"JUS";"Jussy";2003;"2003-08-13";2;"9904";"Carpinus betulus";1;15.61
"JUS";"Jussy";2003;"2003-08-13";2;"9931";"Carpinus betulus";1;15.92
"JUS";"Jussy";2003;"2003-08-13";2;"9934";"Carpinus betulus";1;12.96
"JUS";"Jussy";2003;"2003-08-13";2;"9935";"Carpinus betulus";1;17.22
"JUS";"Jussy";2005;"2005-08-19";2;"9901";"Carpinus betulus";1;7.78
"JUS";"Jussy";2005;"2005-08-19";2;"9931";"Carpinus betulus";1;7.69
"JUS";"Jussy";2005;"2005-08-19";2;"9934";"Carpinus betulus";1;9.77
"JUS";"Jussy";2005;"2005-08-19";2;"9935";"Carpinus betulus";1;13.26
"JUS";"Jussy";2005;"2005-08-19";2;"9904";"Carpinus betulus";1;7.71
"JUS";"Jussy";2007;"2007-08-24";2;"9934";"Carpinus betulus";1;9
"JUS";"Jussy";2007;"2007-08-24";2;"9935";"Carpinus betulus";1;12.24
"JUS";"Jussy";2007;"2007-08-24";2;"9901";"Carpinus betulus";1;13.41
"JUS";"Jussy";2007;"2007-08-24";2;"9904";"Carpinus betulus";1;11.69
"JUS";"Jussy";2007;"2007-08-24";2;"9931";"Carpinus betulus";1;10.4
"JUS";"Jussy";2009;"2009-08-20";2;"9901";"Carpinus betulus";1;15.09
"JUS";"Jussy";2009;"2009-08-20";2;"9904";"Carpinus betulus";1;15.68
"JUS";"Jussy";2009;"2009-08-20";2;"9931";"Carpinus betulus";1;17.23
"JUS";"Jussy";2009;"2009-08-20";2;"9934";"Carpinus betulus";1;15.52
"JUS";"Jussy";2009;"2009-08-20";2;"9935";"Carpinus betulus";1;18.95
"JUS";"Jussy";2011;"2011-08-15";2;"9931";"Carpinus betulus";1;15.52
"JUS";"Jussy";2011;"2011-08-15";2;"9901";"Carpinus betulus";1;8.42
"JUS";"Jussy";2011;"2011-08-15";2;"9935";"Carpinus betulus";1;12.77
"JUS";"Jussy";2011;"2011-08-15";2;"9904";"Carpinus betulus";1;13.17
"JUS";"Jussy";2011;"2011-08-15";2;"9934";"Carpinus betulus";1;12.52
"JUS";"Jussy";2013;"2013-08-22";2;"9931";"Carpinus betulus";1;13.17
"JUS";"Jussy";2013;"2013-08-22";2;"9901";"Carpinus betulus";1;10.56
"JUS";"Jussy";2013;"2013-08-22";2;"9904";"Carpinus betulus";1;10.94
"JUS";"Jussy";2013;"2013-08-22";2;"9934";"Carpinus betulus";1;12.43
"JUS";"Jussy";2013;"2013-08-22";2;"9935";"Carpinus betulus";1;15.99
"JUS";"Jussy";2015;"2015-08-11";2;"9935";"Carpinus betulus";1;11.65
"JUS";"Jussy";2015;"2015-08-11";2;"9901";"Carpinus betulus";1;10.37
"JUS";"Jussy";2015;"2015-08-11";2;"9904";"Carpinus betulus";1;13.5
"JUS";"Jussy";2015;"2015-08-11";2;"9931";"Carpinus betulus";1;12.4
"JUS";"Jussy";2015;"2015-08-11";2;"9934";"Carpinus betulus";1;9.56
"JUS";"Jussy";2017;"2017-08-14";2;"9901";"Carpinus betulus";1;10.2
"JUS";"Jussy";2017;"2017-08-14";2;"9904";"Carpinus betulus";1;12.88
"JUS";"Jussy";2017;"2017-08-14";2;"9931";"Carpinus betulus";1;11.8
"JUS";"Jussy";2017;"2017-08-14";2;"9934";"Carpinus betulus";1;11.13
"JUS";"Jussy";2017;"2017-08-14";2;"9935";"Carpinus betulus";1;10.44
"JUS";"Jussy";2019;"2019-08-19";2;"9901";"Carpinus betulus";1;10.93
"JUS";"Jussy";2019;"2019-08-19";2;"9904";"Carpinus betulus";1;9.55
"JUS";"Jussy";2019;"2019-08-19";2;"9931";"Carpinus betulus";1;14.61
"JUS";"Jussy";2019;"2019-08-19";2;"9934West";"Carpinus betulus";1;9.11
"JUS";"Jussy";2019;"2019-08-19";2;"9934Nord";"Carpinus betulus";1;10.61
"JUS";"Jussy";2019;"2019-08-19";2;"9935";"Carpinus betulus";1;11.79
"JUS";"Jussy";2021;"2021-08-23";2;"9901";"Carpinus betulus";1;11.58
"JUS";"Jussy";2021;"2021-08-23";2;"9931";"Carpinus betulus";1;12.86
"JUS";"Jussy";2021;"2021-08-23";2;"9934";"Carpinus betulus";1;15.17
"JUS";"Jussy";2021;"2021-08-23";2;"9935";"Carpinus betulus";1;11.23
"JUS";"Jussy";2021;"2021-08-23";2;"9904";"Carpinus betulus";1;9.26
"JUS";"Jussy";2023;"2023-08-23";2;"9901";"Carpinus betulus";1;8.38
"JUS";"Jussy";2023;"2023-08-23";2;"9935";"Carpinus betulus";1;6.94
"JUS";"Jussy";2023;"2023-08-23";2;"9904";"Carpinus betulus";1;6.3
"JUS";"Jussy";2023;"2023-08-23";2;"9934";"Carpinus betulus";1;9.92
"JUS";"Jussy";2025;"2025-08-21";2;"9901";"Carpinus betulus";1;10.84
"JUS";"Jussy";2025;"2025-08-21";2;"9904";"Carpinus betulus";1;9.15
"JUS";"Jussy";2025;"2025-08-21";2;"9931";"Carpinus betulus";1;10.4
"JUS";"Jussy";2025;"2025-08-21";2;"9934";"Carpinus betulus";1;11.16
"JUS";"Jussy";2025;"2025-08-21";2;"9935";"Carpinus betulus";1;9.46
"JUS";"Jussy";1997;"1997-08-26";2;"9903";"Quercus petraea";1;21.2
"JUS";"Jussy";1997;"1997-08-26";2;"9902";"Quercus petraea";1;19
"JUS";"Jussy";1997;"1997-08-27";2;"9932";"Quercus petraea";1;22.7
"JUS";"Jussy";1999;"1999-07-07";2;"9932";"Quercus petraea";1;27.8
"JUS";"Jussy";1999;"1999-07-07";2;"9902";"Quercus petraea";1;25
"JUS";"Jussy";1999;"1999-07-07";2;"9903";"Quercus petraea";1;26.33
"JUS";"Jussy";2001;"2001-08-14";2;"9902";"Quercus petraea";1;27.19
"JUS";"Jussy";2001;"2001-08-14";2;"9932";"Quercus petraea";1;27.35
"JUS";"Jussy";2001;"2001-08-14";2;"9903";"Quercus petraea";1;38.39
"JUS";"Jussy";2003;"2003-08-13";2;"9902";"Quercus petraea";1;19.8
"JUS";"Jussy";2003;"2003-08-13";2;"9903";"Quercus petraea";1;28.14
"JUS";"Jussy";2003;"2003-08-13";2;"9932";"Quercus petraea";1;36.59
"JUS";"Jussy";2005;"2005-08-19";2;"9932";"Quercus petraea";1;17.16
"JUS";"Jussy";2005;"2005-08-19";2;"9903";"Quercus petraea";1;17.77
"JUS";"Jussy";2005;"2005-08-19";2;"9902";"Quercus petraea";1;8.42
"JUS";"Jussy";2007;"2007-08-24";2;"9932";"Quercus petraea";1;30.32
"JUS";"Jussy";2007;"2007-08-24";2;"9902";"Quercus petraea";1;24.4
"JUS";"Jussy";2007;"2007-08-24";2;"9903";"Quercus petraea";1;25.92
"JUS";"Jussy";2009;"2009-08-20";2;"9902";"Quercus petraea";1;35.11
"JUS";"Jussy";2009;"2009-08-20";2;"9903";"Quercus petraea";1;32.68
"JUS";"Jussy";2009;"2009-08-20";2;"9932";"Quercus petraea";1;43.63
"JUS";"Jussy";2011;"2011-08-15";2;"9903";"Quercus petraea";1;22.62
"JUS";"Jussy";2011;"2011-08-15";2;"9932";"Quercus petraea";1;26.54
"JUS";"Jussy";2011;"2011-08-15";2;"9902";"Quercus petraea";1;19.12
"JUS";"Jussy";2013;"2013-08-22";2;"9902";"Quercus petraea";1;19.16
"JUS";"Jussy";2013;"2013-08-22";2;"9932";"Quercus petraea";1;21.48
"JUS";"Jussy";2013;"2013-08-22";2;"9903";"Quercus petraea";1;22.24
"JUS";"Jussy";2015;"2015-08-11";2;"9902";"Quercus petraea";1;29.44
"JUS";"Jussy";2015;"2015-08-11";2;"9903";"Quercus petraea";1;28.87
"JUS";"Jussy";2015;"2015-08-11";2;"9932";"Quercus petraea";1;25.96
"JUS";"Jussy";2017;"2017-08-14";2;"9902";"Quercus petraea";1;26.96
"JUS";"Jussy";2017;"2017-08-14";2;"9903";"Quercus petraea";1;33.71
"JUS";"Jussy";2017;"2017-08-14";2;"9932";"Quercus petraea";1;43.62
"JUS";"Jussy";2019;"2019-08-19";2;"9902";"Quercus petraea";1;23.11
"JUS";"Jussy";2019;"2019-08-19";2;"9903";"Quercus petraea";1;27.25
"JUS";"Jussy";2019;"2019-08-19";2;"9932";"Quercus petraea";1;51.09
"JUS";"Jussy";2021;"2021-08-23";2;"9902";"Quercus petraea";1;25.89
"JUS";"Jussy";2021;"2021-08-23";2;"9903";"Quercus petraea";1;34.97
"JUS";"Jussy";2021;"2021-08-23";2;"9932";"Quercus petraea";1;35.62
"JUS";"Jussy";2023;"2023-08-23";2;"9902";"Quercus petraea";1;29.05
"JUS";"Jussy";2023;"2023-08-23";2;"9903";"Quercus petraea";1;39.43
"JUS";"Jussy";2023;"2023-08-23";2;"9932";"Quercus petraea";1;35.01
"JUS";"Jussy";2025;"2025-08-21";2;"9932";"Quercus petraea";1;27.16
"JUS";"Jussy";2025;"2025-08-21";2;"9902";"Quercus petraea";1;27.61
"JUS";"Jussy";2025;"2025-08-21";2;"9903";"Quercus petraea";1;22.77
"JUS";"Jussy";1997;"1997-08-26";2;"9905";"Quercus robur";1;17.9
"JUS";"Jussy";1997;"1997-08-27";2;"9933";"Quercus robur";1;NA
"JUS";"Jussy";1999;"1999-07-07";2;"9933";"Quercus robur";1;17.4
"JUS";"Jussy";1999;"1999-07-07";2;"9905";"Quercus robur";1;23.67
"JUS";"Jussy";2001;"2001-08-14";2;"9905";"Quercus robur";1;17.71
"JUS";"Jussy";2001;"2001-08-14";2;"9933";"Quercus robur";1;14.06
"JUS";"Jussy";2003;"2003-08-13";2;"9905";"Quercus robur";1;25.99
"JUS";"Jussy";2003;"2003-08-13";2;"9933";"Quercus robur";1;20.49
"JUS";"Jussy";2005;"2005-08-19";2;"9905";"Quercus robur";1;5.18
"JUS";"Jussy";2005;"2005-08-19";2;"9933";"Quercus robur";1;1.74
"JUS";"Jussy";2007;"2007-08-24";2;"9933";"Quercus robur";1;17.57
"JUS";"Jussy";2007;"2007-08-24";2;"9905";"Quercus robur";1;22.6
"JUS";"Jussy";2009;"2009-08-20";2;"9905";"Quercus robur";1;26.75
"JUS";"Jussy";2009;"2009-08-20";2;"9933";"Quercus robur";1;38.42
"JUS";"Jussy";2011;"2011-08-15";2;"9905";"Quercus robur";1;15.16
"JUS";"Jussy";2011;"2011-08-15";2;"9933";"Quercus robur";1;16.06
"JUS";"Jussy";2013;"2013-08-22";2;"9933";"Quercus robur";1;11.58
"JUS";"Jussy";2013;"2013-08-22";2;"9905";"Quercus robur";1;18.78
"JUS";"Jussy";2015;"2015-08-11";2;"9905";"Quercus robur";1;17.21
"JUS";"Jussy";2015;"2015-08-11";2;"9933";"Quercus robur";1;15.26
"JUS";"Jussy";2017;"2017-08-14";2;"9905";"Quercus robur";1;20.12
"JUS";"Jussy";2017;"2017-08-14";2;"9933";"Quercus robur";1;16.88
"JUS";"Jussy";2019;"2019-08-19";2;"9905";"Quercus robur";1;23.15
"JUS";"Jussy";2019;"2019-08-19";2;"9933";"Quercus robur";1;18.96
"JUS";"Jussy";2021;"2021-08-23";2;"9905";"Quercus robur";1;23.58
"JUS";"Jussy";2021;"2021-08-23";2;"9933";"Quercus robur";1;14.84
"JUS";"Jussy";2023;"2023-08-23";2;"9905";"Quercus robur";1;24.81
"JUS";"Jussy";2023;"2023-08-23";2;"9933";"Quercus robur";1;19.19
"JUS";"Jussy";2025;"2025-08-21";2;"9905";"Quercus robur";1;21.71
"JUS";"Jussy";2025;"2025-08-21";2;"9933";"Quercus robur";1;12.62
"LAE";"Laegeren";2013;"2013-08-14";2;"9902";"Fagus sylvatica";1;15.98
"LAE";"Laegeren";2013;"2013-08-14";2;"9901";"Fagus sylvatica";1;10.22
"LAE";"Laegeren";2013;"2013-08-14";2;"9903";"Fagus sylvatica";1;15.05
"LAE";"Laegeren";2013;"2013-08-14";2;"9904";"Fagus sylvatica";1;14.5
"LAE";"Laegeren";2013;"2013-08-14";2;"9905";"Fagus sylvatica";1;15.29
"LAE";"Laegeren";2015;"2015-08-13";2;"9901";"Fagus sylvatica";1;9.1
"LAE";"Laegeren";2015;"2015-08-13";2;"9902";"Fagus sylvatica";1;15.04
"LAE";"Laegeren";2015;"2015-08-13";2;"9903";"Fagus sylvatica";1;15.91
"LAE";"Laegeren";2015;"2015-08-13";2;"9904";"Fagus sylvatica";1;14.44
"LAE";"Laegeren";2015;"2015-08-13";2;"9905";"Fagus sylvatica";1;14.07
"LAE";"Laegeren";2017;"2017-08-16";2;"9901";"Fagus sylvatica";1;13.88
"LAE";"Laegeren";2017;"2017-08-16";2;"9902";"Fagus sylvatica";1;16.82
"LAE";"Laegeren";2017;"2017-08-16";2;"9903";"Fagus sylvatica";1;11.82
"LAE";"Laegeren";2017;"2017-08-16";2;"9904";"Fagus sylvatica";1;18.28
"LAE";"Laegeren";2017;"2017-08-16";2;"9905";"Fagus sylvatica";1;15.41
"LAE";"Laegeren";2019;"2019-08-14";2;"9903";"Fagus sylvatica";1;16.13
"LAE";"Laegeren";2019;"2019-08-14";2;"9904";"Fagus sylvatica";1;19.96
"LAE";"Laegeren";2019;"2019-08-14";2;"9905";"Fagus sylvatica";1;19.69
"LAE";"Laegeren";2019;"2019-08-14";2;"9901";"Fagus sylvatica";1;9.36
"LAE";"Laegeren";2019;"2019-08-14";2;"9902";"Fagus sylvatica";1;21.48
"LAE";"Laegeren";2021;"2021-08-16";2;"9901";"Fagus sylvatica";1;13.6
"LAE";"Laegeren";2021;"2021-08-16";2;"9902";"Fagus sylvatica";1;18.41
"LAE";"Laegeren";2021;"2021-08-16";2;"9903";"Fagus sylvatica";1;17.19
"LAE";"Laegeren";2021;"2021-08-16";2;"9904";"Fagus sylvatica";1;20.01
"LAE";"Laegeren";2021;"2021-08-16";2;"9905";"Fagus sylvatica";1;14.58
"LAE";"Laegeren";2023;"2023-08-16";2;"9903";"Fagus sylvatica";1;9.67
"LAE";"Laegeren";2023;"2023-08-16";2;"9902";"Fagus sylvatica";1;11.72
"LAE";"Laegeren";2023;"2023-08-16";2;"9904";"Fagus sylvatica";1;12.89
"LAE";"Laegeren";2023;"2023-08-16";2;"9901";"Fagus sylvatica";1;8.56
"LAE";"Laegeren";2023;"2023-08-16";2;"9905";"Fagus sylvatica";1;7.51
"LAE";"Laegeren";2025;"2025-08-12";2;"9901";"Fagus sylvatica";1;11.47
"LAE";"Laegeren";2025;"2025-08-12";2;"9903";"Fagus sylvatica";1;14.85
"LAE";"Laegeren";2025;"2025-08-12";2;"9904";"Fagus sylvatica";1;19.42
"LAE";"Laegeren";2025;"2025-08-12";2;"9905";"Fagus sylvatica";1;14.92
"LAE";"Laegeren";2025;"2025-08-12";2;"9902";"Fagus sylvatica";1;18.49
"LAU";"Lausanne";1997;"1997-08-26";2;"9901";"Fagus sylvatica";1;12.6
"LAU";"Lausanne";1997;"1997-08-26";2;"9902";"Fagus sylvatica";1;12.3
"LAU";"Lausanne";1997;"1997-08-26";2;"9903";"Fagus sylvatica";1;8.5
"LAU";"Lausanne";1997;"1997-08-26";2;"9904";"Fagus sylvatica";1;14.1
"LAU";"Lausanne";1997;"1997-08-26";2;"9905";"Fagus sylvatica";1;13.5
"LAU";"Lausanne";1999;"1999-07-07";2;"9901";"Fagus sylvatica";1;10
"LAU";"Lausanne";1999;"1999-07-07";2;"9902";"Fagus sylvatica";1;11
"LAU";"Lausanne";1999;"1999-07-07";2;"9903";"Fagus sylvatica";1;7.67
"LAU";"Lausanne";1999;"1999-07-07";2;"9904";"Fagus sylvatica";1;8.33
"LAU";"Lausanne";1999;"1999-07-07";2;"9905";"Fagus sylvatica";1;15
"LAU";"Lausanne";2001;"2001-08-14";2;"9901";"Fagus sylvatica";1;12.04
"LAU";"Lausanne";2001;"2001-08-14";2;"9902";"Fagus sylvatica";1;13.2
"LAU";"Lausanne";2001;"2001-08-14";2;"9903";"Fagus sylvatica";1;10.14
"LAU";"Lausanne";2001;"2001-08-14";2;"9904";"Fagus sylvatica";1;14.56
"LAU";"Lausanne";2001;"2001-08-14";2;"9905";"Fagus sylvatica";1;14.27
"LAU";"Lausanne";2003;"2003-08-13";2;"9903";"Fagus sylvatica";1;9.56
"LAU";"Lausanne";2003;"2003-08-13";2;"9904";"Fagus sylvatica";1;17.62
"LAU";"Lausanne";2003;"2003-08-13";2;"9905";"Fagus sylvatica";1;12.44
"LAU";"Lausanne";2003;"2003-08-13";2;"9901";"Fagus sylvatica";1;10.56
"LAU";"Lausanne";2003;"2003-08-13";2;"9902";"Fagus sylvatica";1;14.23
"LAU";"Lausanne";2005;"2005-08-24";2;"9901";"Fagus sylvatica";1;9.17
"LAU";"Lausanne";2005;"2005-08-24";2;"9902";"Fagus sylvatica";1;13.99
"LAU";"Lausanne";2005;"2005-08-24";2;"9903";"Fagus sylvatica";1;10.49
"LAU";"Lausanne";2005;"2005-08-24";2;"9904";"Fagus sylvatica";1;14.7
"LAU";"Lausanne";2005;"2005-08-24";2;"9905";"Fagus sylvatica";1;17.74
"LAU";"Lausanne";2007;"2007-08-24";2;"9902";"Fagus sylvatica";1;15.34
"LAU";"Lausanne";2007;"2007-08-24";2;"9903";"Fagus sylvatica";1;9.97
"LAU";"Lausanne";2007;"2007-08-24";2;"9904";"Fagus sylvatica";1;11.75
"LAU";"Lausanne";2007;"2007-08-24";2;"9905";"Fagus sylvatica";1;15.56
"LAU";"Lausanne";2007;"2007-08-24";2;"9901";"Fagus sylvatica";1;13.54
"LAU";"Lausanne";2009;"2009-08-20";2;"9901";"Fagus sylvatica";1;9.87
"LAU";"Lausanne";2009;"2009-08-20";2;"9902";"Fagus sylvatica";1;12.82
"LAU";"Lausanne";2009;"2009-08-20";2;"9903";"Fagus sylvatica";1;7.24
"LAU";"Lausanne";2009;"2009-08-20";2;"9904";"Fagus sylvatica";1;8.38
"LAU";"Lausanne";2009;"2009-08-20";2;"9905";"Fagus sylvatica";1;10.61
"LAU";"Lausanne";2011;"2011-08-17";2;"9901";"Fagus sylvatica";1;4.89
"LAU";"Lausanne";2011;"2011-08-17";2;"9902";"Fagus sylvatica";1;7.67
"LAU";"Lausanne";2011;"2011-08-17";2;"9903";"Fagus sylvatica";1;4.1
"LAU";"Lausanne";2011;"2011-08-17";2;"9905";"Fagus sylvatica";1;8.24
"LAU";"Lausanne";2011;"2011-08-17";2;"9904";"Fagus sylvatica";1;7.64
"LAU";"Lausanne";2013;"2013-08-22";2;"9901";"Fagus sylvatica";1;11.68
"LAU";"Lausanne";2013;"2013-08-22";2;"9902";"Fagus sylvatica";1;8.14
"LAU";"Lausanne";2013;"2013-08-22";2;"9905";"Fagus sylvatica";1;10.63
"LAU";"Lausanne";2013;"2013-08-22";2;"9903";"Fagus sylvatica";1;5.81
"LAU";"Lausanne";2013;"2013-08-22";2;"9904";"Fagus sylvatica";1;11.17
"LAU";"Lausanne";2015;"2015-08-11";2;"9901";"Fagus sylvatica";1;13.22
"LAU";"Lausanne";2015;"2015-08-11";2;"9902";"Fagus sylvatica";1;14.35
"LAU";"Lausanne";2015;"2015-08-11";2;"9903";"Fagus sylvatica";1;8.02
"LAU";"Lausanne";2015;"2015-08-11";2;"9904";"Fagus sylvatica";1;11.58
"LAU";"Lausanne";2015;"2015-08-11";2;"9905";"Fagus sylvatica";1;15.22
"LAU";"Lausanne";2017;"2017-08-14";2;"9901";"Fagus sylvatica";1;9.66
"LAU";"Lausanne";2017;"2017-08-14";2;"9902";"Fagus sylvatica";1;13.18
"LAU";"Lausanne";2017;"2017-08-14";2;"9903";"Fagus sylvatica";1;8.92
"LAU";"Lausanne";2017;"2017-08-14";2;"9904";"Fagus sylvatica";1;11.29
"LAU";"Lausanne";2017;"2017-08-14";2;"9905";"Fagus sylvatica";1;11.88
"LAU";"Lausanne";2019;"2019-08-22";2;"9901";"Fagus sylvatica";1;13.71
"LAU";"Lausanne";2019;"2019-08-22";2;"9902";"Fagus sylvatica";1;14.05
"LAU";"Lausanne";2019;"2019-08-22";2;"9903";"Fagus sylvatica";1;7.29
"LAU";"Lausanne";2019;"2019-08-22";2;"9904";"Fagus sylvatica";1;10.37
"LAU";"Lausanne";2019;"2019-08-22";2;"9905";"Fagus sylvatica";1;12.4
"LAU";"Lausanne";2021;"2021-08-23";2;"9901";"Fagus sylvatica";1;12.67
"LAU";"Lausanne";2021;"2021-08-23";2;"9902";"Fagus sylvatica";1;10.38
"LAU";"Lausanne";2021;"2021-08-23";2;"9903";"Fagus sylvatica";1;11.38
"LAU";"Lausanne";2021;"2021-08-23";2;"9904";"Fagus sylvatica";1;16.18
"LAU";"Lausanne";2021;"2021-08-23";2;"9905";"Fagus sylvatica";1;17.97
"LAU";"Lausanne";2023;"2023-08-21";2;"9902";"Fagus sylvatica";1;13.18
"LAU";"Lausanne";2023;"2023-08-21";2;"9905";"Fagus sylvatica";1;8.8
"LAU";"Lausanne";2023;"2023-08-21";2;"9904";"Fagus sylvatica";1;12.84
"LAU";"Lausanne";2023;"2023-08-21";2;"9901";"Fagus sylvatica";1;11.74
"LAU";"Lausanne";2023;"2023-08-21";2;"9903";"Fagus sylvatica";1;8.96
"LAU";"Lausanne";2025;"2025-08-20";2;"9902";"Fagus sylvatica";1;14.82
"LAU";"Lausanne";2025;"2025-08-20";2;"9903";"Fagus sylvatica";1;11.33
"LAU";"Lausanne";2025;"2025-08-20";2;"9904";"Fagus sylvatica";1;14.71
"LAU";"Lausanne";2025;"2025-08-20";2;"9901";"Fagus sylvatica";1;13.17
"LAU";"Lausanne";2025;"2025-08-20";2;"9905";"Fagus sylvatica";1;14.81
"NEU";"Neunkirch";1997;"1997-08-13";2;"9905";"Fagus sylvatica";1;15.5
"NEU";"Neunkirch";1997;"1997-08-13";2;"9901";"Fagus sylvatica";1;16.3
"NEU";"Neunkirch";1997;"1997-08-13";2;"9902";"Fagus sylvatica";1;16.7
"NEU";"Neunkirch";1997;"1997-08-13";2;"9903";"Fagus sylvatica";1;10.8
"NEU";"Neunkirch";1997;"1997-08-13";2;"9904";"Fagus sylvatica";1;10.6
"NEU";"Neunkirch";1999;"1999-06-22";2;"9901";"Fagus sylvatica";1;NA
"NEU";"Neunkirch";1999;"1999-06-22";2;"9902";"Fagus sylvatica";1;NA
"NEU";"Neunkirch";1999;"1999-06-22";2;"9903";"Fagus sylvatica";1;NA
"NEU";"Neunkirch";1999;"1999-06-22";2;"9904";"Fagus sylvatica";1;NA
"NEU";"Neunkirch";1999;"1999-06-22";2;"9905";"Fagus sylvatica";1;NA
"NEU";"Neunkirch";2001;"2001-08-09";2;"9901";"Fagus sylvatica";1;18.68
"NEU";"Neunkirch";2001;"2001-08-09";2;"9902";"Fagus sylvatica";1;14.14
"NEU";"Neunkirch";2001;"2001-08-09";2;"9904";"Fagus sylvatica";1;6.95
"NEU";"Neunkirch";2001;"2001-08-09";2;"9905";"Fagus sylvatica";1;15.74
"NEU";"Neunkirch";2001;"2001-08-09";2;"9906";"Fagus sylvatica";1;15.98
"NEU";"Neunkirch";2003;"2003-08-11";2;"9902";"Fagus sylvatica";1;12.51
"NEU";"Neunkirch";2003;"2003-08-11";2;"9904";"Fagus sylvatica";1;5.28
"NEU";"Neunkirch";2003;"2003-08-11";2;"9905";"Fagus sylvatica";1;12.03
"NEU";"Neunkirch";2003;"2003-08-11";2;"9901";"Fagus sylvatica";1;14.57
"NEU";"Neunkirch";2003;"2003-08-11";2;"9906";"Fagus sylvatica";1;12.63
"NEU";"Neunkirch";2005;"2005-08-10";2;"9901";"Fagus sylvatica";1;18.96
"NEU";"Neunkirch";2005;"2005-08-10";2;"9902";"Fagus sylvatica";1;15.38
"NEU";"Neunkirch";2005;"2005-08-10";2;"9904";"Fagus sylvatica";1;13.77
"NEU";"Neunkirch";2005;"2005-08-10";2;"9905";"Fagus sylvatica";1;15.77
"NEU";"Neunkirch";2005;"2005-08-10";2;"9906";"Fagus sylvatica";1;15.99
"NEU";"Neunkirch";2007;"2007-08-13";2;"9901";"Fagus sylvatica";1;22.42
"NEU";"Neunkirch";2007;"2007-08-13";2;"9902";"Fagus sylvatica";1;14.17
"NEU";"Neunkirch";2007;"2007-08-13";2;"9904";"Fagus sylvatica";1;11.3
"NEU";"Neunkirch";2007;"2007-08-13";2;"9905";"Fagus sylvatica";1;15.39
"NEU";"Neunkirch";2007;"2007-08-13";2;"9906";"Fagus sylvatica";1;18.96
"NEU";"Neunkirch";2009;"2009-08-13";2;"9901";"Fagus sylvatica";1;15.72
"NEU";"Neunkirch";2009;"2009-08-13";2;"9902";"Fagus sylvatica";1;13.52
"NEU";"Neunkirch";2009;"2009-08-13";2;"9904";"Fagus sylvatica";1;6.4
"NEU";"Neunkirch";2009;"2009-08-13";2;"9905";"Fagus sylvatica";1;13.07
"NEU";"Neunkirch";2009;"2009-08-13";2;"9906";"Fagus sylvatica";1;10.42
"NEU";"Neunkirch";2011;"2011-08-09";2;"9902";"Fagus sylvatica";1;7.28
"NEU";"Neunkirch";2011;"2011-08-09";2;"9905";"Fagus sylvatica";1;9.15
"NEU";"Neunkirch";2011;"2011-08-09";2;"9901";"Fagus sylvatica";1;12.4
"NEU";"Neunkirch";2011;"2011-08-09";2;"9904";"Fagus sylvatica";1;5.15
"NEU";"Neunkirch";2011;"2011-08-09";2;"9906";"Fagus sylvatica";1;9.9
"NEU";"Neunkirch";2013;"2013-08-15";2;"9906";"Fagus sylvatica";1;15.86
"NEU";"Neunkirch";2013;"2013-08-15";2;"9902";"Fagus sylvatica";1;12.81
"NEU";"Neunkirch";2013;"2013-08-15";2;"9905";"Fagus sylvatica";1;13.91
"NEU";"Neunkirch";2013;"2013-08-15";2;"9901";"Fagus sylvatica";1;14.95
"NEU";"Neunkirch";2013;"2013-08-15";2;"9904";"Fagus sylvatica";1;10.33
"NEU";"Neunkirch";2015;"2015-08-18";2;"9901";"Fagus sylvatica";1;17.77
"NEU";"Neunkirch";2015;"2015-08-18";2;"9902";"Fagus sylvatica";1;14.92
"NEU";"Neunkirch";2015;"2015-08-18";2;"9904";"Fagus sylvatica";1;15.41
"NEU";"Neunkirch";2015;"2015-08-18";2;"9905";"Fagus sylvatica";1;16.46
"NEU";"Neunkirch";2015;"2015-08-18";2;"9906";"Fagus sylvatica";1;17.74
"NEU";"Neunkirch";2017;"2017-08-21";2;"9901";"Fagus sylvatica";1;17.35
"NEU";"Neunkirch";2017;"2017-08-21";2;"9902";"Fagus sylvatica";1;15.38
"NEU";"Neunkirch";2017;"2017-08-21";2;"9904";"Fagus sylvatica";1;10.88
"NEU";"Neunkirch";2017;"2017-08-21";2;"9905";"Fagus sylvatica";1;13.47
"NEU";"Neunkirch";2017;"2017-08-21";2;"9906";"Fagus sylvatica";1;15.12
"NEU";"Neunkirch";2019;"2019-08-17";2;"9901";"Fagus sylvatica";1;15.65
"NEU";"Neunkirch";2019;"2019-08-17";2;"9902";"Fagus sylvatica";1;14.43
"NEU";"Neunkirch";2019;"2019-08-17";2;"9904";"Fagus sylvatica";1;12.19
"NEU";"Neunkirch";2019;"2019-08-17";2;"9905";"Fagus sylvatica";1;11.03
"NEU";"Neunkirch";2019;"2019-08-17";2;"9906";"Fagus sylvatica";1;19.43
"NEU";"Neunkirch";2021;"2021-08-18";2;"9907";"Fagus sylvatica";1;14.21
"NEU";"Neunkirch";2021;"2021-08-18";2;"9902";"Fagus sylvatica";1;16.3
"NEU";"Neunkirch";2021;"2021-08-18";2;"9904";"Fagus sylvatica";1;16.04
"NEU";"Neunkirch";2021;"2021-08-18";2;"9905";"Fagus sylvatica";1;14.19
"NEU";"Neunkirch";2021;"2021-08-18";2;"9901";"Fagus sylvatica";1;17.93
"NEU";"Neunkirch";2023;"2023-08-17";2;"9901";"Fagus sylvatica";1;17.02
"NEU";"Neunkirch";2023;"2023-08-17";2;"9905";"Fagus sylvatica";1;5.6
"NEU";"Neunkirch";2023;"2023-08-17";2;"9902";"Fagus sylvatica";1;12.98
"NEU";"Neunkirch";2023;"2023-08-17";2;"9904";"Fagus sylvatica";1;8.26
"NEU";"Neunkirch";2023;"2023-08-17";2;"9907";"Fagus sylvatica";1;5.39
"NEU";"Neunkirch";2025;"2025-08-14";2;"9901";"Fagus sylvatica";1;16.01
"NEU";"Neunkirch";2025;"2025-08-14";2;"9904";"Fagus sylvatica";1;14.81
"NEU";"Neunkirch";2025;"2025-08-14";2;"9907";"Fagus sylvatica";1;13.66
"NEU";"Neunkirch";2025;"2025-08-14";2;"9902";"Fagus sylvatica";1;12.12
"NEU";"Neunkirch";2025;"2025-08-14";2;"9905";"Fagus sylvatica";1;15.67
"NOV";"Novaggio";1997;"1997-08-20";2;"9901";"Quercus cerris";1;12
"NOV";"Novaggio";1997;"1997-08-20";2;"9902";"Quercus cerris";1;23.7
"NOV";"Novaggio";1997;"1997-08-20";2;"9903";"Quercus cerris";1;13.2
"NOV";"Novaggio";1997;"1997-08-20";2;"9904";"Quercus cerris";1;14.4
"NOV";"Novaggio";1997;"1997-08-20";2;"9905";"Quercus cerris";1;21.7
"NOV";"Novaggio";1999;"1999-08-10";2;"9901";"Quercus cerris";1;NA
"NOV";"Novaggio";1999;"1999-08-10";2;"9902";"Quercus cerris";1;NA
"NOV";"Novaggio";1999;"1999-08-10";2;"9903";"Quercus cerris";1;NA
"NOV";"Novaggio";1999;"1999-08-10";2;"9904";"Quercus cerris";1;NA
"NOV";"Novaggio";1999;"1999-08-10";2;"9905";"Quercus cerris";1;NA
"NOV";"Novaggio";2001;"2001-08-16";2;"9904";"Quercus cerris";1;25.8
"NOV";"Novaggio";2001;"2001-08-16";2;"9905";"Quercus cerris";1;20.76
"NOV";"Novaggio";2001;"2001-08-16";2;"9901";"Quercus cerris";1;16.94
"NOV";"Novaggio";2001;"2001-08-16";2;"9902";"Quercus cerris";1;31.65
"NOV";"Novaggio";2001;"2001-08-16";2;"9903";"Quercus cerris";1;18.02
"NOV";"Novaggio";2003;"2003-08-18";2;"9901";"Quercus cerris";1;22.39
"NOV";"Novaggio";2003;"2003-08-18";2;"9902";"Quercus cerris";1;29.37
"NOV";"Novaggio";2003;"2003-08-18";2;"9903";"Quercus cerris";1;22.49
"NOV";"Novaggio";2003;"2003-08-18";2;"9904";"Quercus cerris";1;27.82
"NOV";"Novaggio";2003;"2003-08-18";2;"9905";"Quercus cerris";1;27.36
"NOV";"Novaggio";2005;"2005-08-17";2;"9901";"Quercus cerris";1;21.18
"NOV";"Novaggio";2005;"2005-08-17";2;"9902";"Quercus cerris";1;26.26
"NOV";"Novaggio";2005;"2005-08-17";2;"9903";"Quercus cerris";1;13.08
"NOV";"Novaggio";2005;"2005-08-17";2;"9904";"Quercus cerris";1;17.49
"NOV";"Novaggio";2005;"2005-08-17";2;"9905";"Quercus cerris";1;22.44
"NOV";"Novaggio";2007;"2007-08-21";2;"9902";"Quercus cerris";1;23.22
"NOV";"Novaggio";2007;"2007-08-21";2;"9903";"Quercus cerris";1;16.61
"NOV";"Novaggio";2007;"2007-08-21";2;"9904";"Quercus cerris";1;19.23
"NOV";"Novaggio";2007;"2007-08-21";2;"9905";"Quercus cerris";1;22.88
"NOV";"Novaggio";2007;"2007-08-21";2;"9901";"Quercus cerris";1;17.4
"NOV";"Novaggio";2009;"2009-08-18";2;"9901";"Quercus cerris";1;25.03
"NOV";"Novaggio";2009;"2009-08-18";2;"9902";"Quercus cerris";1;26.11
"NOV";"Novaggio";2009;"2009-08-18";2;"9903";"Quercus cerris";1;18.62
"NOV";"Novaggio";2009;"2009-08-18";2;"9904";"Quercus cerris";1;19.35
"NOV";"Novaggio";2009;"2009-08-18";2;"9905";"Quercus cerris";1;30.67
"NOV";"Novaggio";2011;"2011-08-18";2;"9901";"Quercus cerris";1;17.97
"NOV";"Novaggio";2011;"2011-08-18";2;"9902";"Quercus cerris";1;27.99
"NOV";"Novaggio";2011;"2011-08-18";2;"9904";"Quercus cerris";1;18.05
"NOV";"Novaggio";2011;"2011-08-18";2;"9905";"Quercus cerris";1;25.38
"NOV";"Novaggio";2011;"2011-08-18";2;"9903";"Quercus cerris";1;19.65
"NOV";"Novaggio";2013;"2013-08-21";2;"9901";"Quercus cerris";1;18.58
"NOV";"Novaggio";2013;"2013-08-21";2;"9904";"Quercus cerris";1;10.96
"NOV";"Novaggio";2013;"2013-08-21";2;"9905";"Quercus cerris";1;29.45
"NOV";"Novaggio";2013;"2013-08-21";2;"9902";"Quercus cerris";1;28.37
"NOV";"Novaggio";2013;"2013-08-21";2;"9903";"Quercus cerris";1;14.03
"NOV";"Novaggio";2015;"2015-08-19";2;"9904";"Quercus cerris";1;17.61
"NOV";"Novaggio";2015;"2015-08-19";2;"9901";"Quercus cerris";1;19.23
"NOV";"Novaggio";2015;"2015-08-19";2;"9902";"Quercus cerris";1;21.22
"NOV";"Novaggio";2015;"2015-08-19";2;"9903";"Quercus cerris";1;18.13
"NOV";"Novaggio";2015;"2015-08-19";2;"9905";"Quercus cerris";1;26.14
"NOV";"Novaggio";2017;"2017-08-25";2;"9901";"Quercus cerris";1;13.44
"NOV";"Novaggio";2017;"2017-08-25";2;"9902";"Quercus cerris";1;19.99
"NOV";"Novaggio";2017;"2017-08-25";2;"9903";"Quercus cerris";1;13.59
"NOV";"Novaggio";2017;"2017-08-25";2;"9904";"Quercus cerris";1;15.14
"NOV";"Novaggio";2017;"2017-08-25";2;"9905";"Quercus cerris";1;19.92
"NOV";"Novaggio";2019;"2019-08-21";2;"9901";"Quercus cerris";1;15.64
"NOV";"Novaggio";2019;"2019-08-21";2;"9902";"Quercus cerris";1;26.49
"NOV";"Novaggio";2019;"2019-08-21";2;"9903";"Quercus cerris";1;14.35
"NOV";"Novaggio";2019;"2019-08-21";2;"9904";"Quercus cerris";1;15.68
"NOV";"Novaggio";2019;"2019-08-21";2;"9905";"Quercus cerris";1;20.31
"NOV";"Novaggio";2021;"2021-08-19";2;"9901";"Quercus cerris";1;18.32
"NOV";"Novaggio";2021;"2021-08-19";2;"9902";"Quercus cerris";1;23.6
"NOV";"Novaggio";2021;"2021-08-19";2;"9903";"Quercus cerris";1;15.65
"NOV";"Novaggio";2021;"2021-08-19";2;"9904";"Quercus cerris";1;20.95
"NOV";"Novaggio";2021;"2021-08-19";2;"9905";"Quercus cerris";1;22.94
"NOV";"Novaggio";2023;"2023-08-21";2;"9901";"Quercus cerris";1;10.5
"NOV";"Novaggio";2023;"2023-08-21";2;"9903";"Quercus cerris";1;18.48
"NOV";"Novaggio";2023;"2023-08-21";2;"9905";"Quercus cerris";1;23.68
"NOV";"Novaggio";2023;"2023-08-21";2;"9902";"Quercus cerris";1;29.86
"NOV";"Novaggio";2023;"2023-08-21";2;"9906";"Quercus cerris";1;26.76
"NOV";"Novaggio";2025;"2025-08-18";2;"9902";"Quercus cerris";1;18.98
"NOV";"Novaggio";2025;"2025-08-18";2;"9903";"Quercus cerris";1;20.1
"NOV";"Novaggio";2025;"2025-08-18";2;"9905";"Quercus cerris";1;32.45
"NOV";"Novaggio";2025;"2025-08-18";2;"9901";"Quercus cerris";1;24.79
"NOV";"Novaggio";2025;"2025-08-18";2;"9906";"Quercus cerris";1;21.35
"OTH";"Othmarsingen";1997;"1997-08-12";2;"9902";"Fagus sylvatica";1;18.6
"OTH";"Othmarsingen";1997;"1997-08-12";2;"9901";"Fagus sylvatica";1;13.3
"OTH";"Othmarsingen";1997;"1997-08-14";2;"9903";"Fagus sylvatica";1;12.6
"OTH";"Othmarsingen";1997;"1997-08-14";2;"9931";"Fagus sylvatica";1;16.6
"OTH";"Othmarsingen";1997;"1997-08-14";2;"9932";"Fagus sylvatica";1;17.6
"OTH";"Othmarsingen";1997;"1997-08-14";2;"9933";"Fagus sylvatica";1;12.3
"OTH";"Othmarsingen";1999;"1999-06-29";2;"9931";"Fagus sylvatica";1;14.9
"OTH";"Othmarsingen";1999;"1999-06-29";2;"9932";"Fagus sylvatica";1;15.7
"OTH";"Othmarsingen";1999;"1999-06-29";2;"9933";"Fagus sylvatica";1;8.6
"OTH";"Othmarsingen";1999;"1999-06-29";2;"9934";"Fagus sylvatica";1;13.3
"OTH";"Othmarsingen";1999;"1999-06-29";2;"9935";"Fagus sylvatica";1;16.2
"OTH";"Othmarsingen";2001;"2001-08-07";2;"9931";"Fagus sylvatica";1;13.49
"OTH";"Othmarsingen";2001;"2001-08-07";2;"9932";"Fagus sylvatica";1;12.96
"OTH";"Othmarsingen";2001;"2001-08-07";2;"9933";"Fagus sylvatica";1;11.32
"OTH";"Othmarsingen";2001;"2001-08-07";2;"9934";"Fagus sylvatica";1;12.47
"OTH";"Othmarsingen";2001;"2001-08-07";2;"9935";"Fagus sylvatica";1;16.05
"OTH";"Othmarsingen";2003;"2003-08-12";2;"9934";"Fagus sylvatica";1;13.54
"OTH";"Othmarsingen";2003;"2003-08-12";2;"9935";"Fagus sylvatica";1;15.22
"OTH";"Othmarsingen";2003;"2003-08-19";2;"9931";"Fagus sylvatica";1;13.19
"OTH";"Othmarsingen";2003;"2003-08-19";2;"9932";"Fagus sylvatica";1;14.2
"OTH";"Othmarsingen";2003;"2003-08-19";2;"9933";"Fagus sylvatica";1;12.06
"OTH";"Othmarsingen";2003;"2003-08-19";2;"9933 Nord-Ost";"Fagus sylvatica";1;10.16
"OTH";"Othmarsingen";2003;"2003-08-19";2;"9932 Nord";"Fagus sylvatica";1;11.78
"OTH";"Othmarsingen";2005;"2005-08-11";2;"9931";"Fagus sylvatica";1;14.83
"OTH";"Othmarsingen";2005;"2005-08-11";2;"9932";"Fagus sylvatica";1;17.72
"OTH";"Othmarsingen";2005;"2005-08-11";2;"9933";"Fagus sylvatica";1;13.91
"OTH";"Othmarsingen";2005;"2005-08-11";2;"9934";"Fagus sylvatica";1;15.68
"OTH";"Othmarsingen";2005;"2005-08-11";2;"9935";"Fagus sylvatica";1;14.27
"OTH";"Othmarsingen";2007;"2007-08-15";2;"9931";"Fagus sylvatica";1;18.29
"OTH";"Othmarsingen";2007;"2007-08-15";2;"9932";"Fagus sylvatica";1;19.96
"OTH";"Othmarsingen";2007;"2007-08-15";2;"9933";"Fagus sylvatica";1;14.61
"OTH";"Othmarsingen";2007;"2007-08-15";2;"9934";"Fagus sylvatica";1;16.5
"OTH";"Othmarsingen";2007;"2007-08-15";2;"9935";"Fagus sylvatica";1;19.17
"OTH";"Othmarsingen";2009;"2009-08-11";2;"9931";"Fagus sylvatica";1;10.04
"OTH";"Othmarsingen";2009;"2009-08-11";2;"9932";"Fagus sylvatica";1;7.57
"OTH";"Othmarsingen";2009;"2009-08-11";2;"9933";"Fagus sylvatica";1;7.79
"OTH";"Othmarsingen";2009;"2009-08-11";2;"9934";"Fagus sylvatica";1;10.18
"OTH";"Othmarsingen";2009;"2009-08-11";2;"9935";"Fagus sylvatica";1;11.05
"OTH";"Othmarsingen";2011;"2011-08-10";2;"9931";"Fagus sylvatica";1;11.87
"OTH";"Othmarsingen";2011;"2011-08-10";2;"9932";"Fagus sylvatica";1;10.07
"OTH";"Othmarsingen";2011;"2011-08-10";2;"9933";"Fagus sylvatica";1;11.09
"OTH";"Othmarsingen";2011;"2011-08-10";2;"9934";"Fagus sylvatica";1;13.2
"OTH";"Othmarsingen";2011;"2011-08-10";2;"9935";"Fagus sylvatica";1;10.87
"OTH";"Othmarsingen";2013;"2013-08-14";2;"9934";"Fagus sylvatica";1;9.87
"OTH";"Othmarsingen";2013;"2013-08-14";2;"9933";"Fagus sylvatica";1;12.82
"OTH";"Othmarsingen";2013;"2013-08-14";2;"9935";"Fagus sylvatica";1;12.15
"OTH";"Othmarsingen";2013;"2013-08-14";2;"9931";"Fagus sylvatica";1;14.09
"OTH";"Othmarsingen";2013;"2013-08-14";2;"9932";"Fagus sylvatica";1;7.94
"OTH";"Othmarsingen";2015;"2015-08-13";2;"9932";"Fagus sylvatica";1;13.72
"OTH";"Othmarsingen";2015;"2015-08-13";2;"9931";"Fagus sylvatica";1;19.57
"OTH";"Othmarsingen";2015;"2015-08-13";2;"9933";"Fagus sylvatica";1;16.37
"OTH";"Othmarsingen";2015;"2015-08-13";2;"9934";"Fagus sylvatica";1;12.19
"OTH";"Othmarsingen";2015;"2015-08-13";2;"9935";"Fagus sylvatica";1;19.63
"OTH";"Othmarsingen";2017;"2017-08-16";2;"9931";"Fagus sylvatica";1;15.41
"OTH";"Othmarsingen";2017;"2017-08-16";2;"9932";"Fagus sylvatica";1;13.89
"OTH";"Othmarsingen";2017;"2017-08-16";2;"9933";"Fagus sylvatica";1;13.52
"OTH";"Othmarsingen";2017;"2017-08-16";2;"9934";"Fagus sylvatica";1;15.8
"OTH";"Othmarsingen";2017;"2017-08-16";2;"9935";"Fagus sylvatica";1;13.39
"OTH";"Othmarsingen";2019;"2019-08-14";2;"9931";"Fagus sylvatica";1;16.9
"OTH";"Othmarsingen";2019;"2019-08-14";2;"9932";"Fagus sylvatica";1;16.08
"OTH";"Othmarsingen";2019;"2019-08-14";2;"9933";"Fagus sylvatica";1;17.51
"OTH";"Othmarsingen";2019;"2019-08-14";2;"9934";"Fagus sylvatica";1;14.26
"OTH";"Othmarsingen";2019;"2019-08-14";2;"9935";"Fagus sylvatica";1;25.99
"OTH";"Othmarsingen";2021;"2021-08-16";2;"9931";"Fagus sylvatica";1;17.18
"OTH";"Othmarsingen";2021;"2021-08-16";2;"9932";"Fagus sylvatica";1;18.12
"OTH";"Othmarsingen";2021;"2021-08-16";2;"9933";"Fagus sylvatica";1;16.71
"OTH";"Othmarsingen";2021;"2021-08-16";2;"9935";"Fagus sylvatica";1;20.11
"OTH";"Othmarsingen";2021;"2021-08-16";2;"9934";"Fagus sylvatica";1;15.65
"OTH";"Othmarsingen";2023;"2023-08-16";2;"9932";"Fagus sylvatica";1;10.23
"OTH";"Othmarsingen";2023;"2023-08-16";2;"9935";"Fagus sylvatica";1;12.71
"OTH";"Othmarsingen";2023;"2023-08-16";2;"9933";"Fagus sylvatica";1;9.12
"OTH";"Othmarsingen";2023;"2023-08-16";2;"9934";"Fagus sylvatica";1;9.85
"OTH";"Othmarsingen";2023;"2023-08-16";2;"9931";"Fagus sylvatica";1;9.98
"OTH";"Othmarsingen";2025;"2025-08-12";2;"9931";"Fagus sylvatica";1;14.33
"OTH";"Othmarsingen";2025;"2025-08-12";2;"9932";"Fagus sylvatica";1;14.99
"OTH";"Othmarsingen";2025;"2025-08-12";2;"9933";"Fagus sylvatica";1;13.71
"OTH";"Othmarsingen";2025;"2025-08-12";2;"9934";"Fagus sylvatica";1;13.98
"OTH";"Othmarsingen";2025;"2025-08-12";2;"9935";"Fagus sylvatica";1;16.94
"SCH";"Schänis";1999;"1999-06-23";2;"9901";"Fagus sylvatica";1;9.7
"SCH";"Schänis";1999;"1999-06-23";2;"9902";"Fagus sylvatica";1;13.9
"SCH";"Schänis";1999;"1999-06-23";2;"9903";"Fagus sylvatica";1;9.8
"SCH";"Schänis";1999;"1999-06-23";2;"9904";"Fagus sylvatica";1;13.3
"SCH";"Schänis";1999;"1999-06-23";2;"9905";"Fagus sylvatica";1;9
"SCH";"Schänis";2001;"2001-08-13";2;"9901";"Fagus sylvatica";1;12.26
"SCH";"Schänis";2001;"2001-08-13";2;"9902";"Fagus sylvatica";1;15.93
"SCH";"Schänis";2001;"2001-08-13";2;"9903";"Fagus sylvatica";1;12
"SCH";"Schänis";2001;"2001-08-13";2;"9904";"Fagus sylvatica";1;16.62
"SCH";"Schänis";2001;"2001-08-13";2;"9905";"Fagus sylvatica";1;14.18
"SCH";"Schänis";2003;"2003-08-14";2;"9901";"Fagus sylvatica";1;13.04
"SCH";"Schänis";2003;"2003-08-14";2;"9902";"Fagus sylvatica";1;16.61
"SCH";"Schänis";2003;"2003-08-14";2;"9903";"Fagus sylvatica";1;11.24
"SCH";"Schänis";2003;"2003-08-14";2;"9904";"Fagus sylvatica";1;13.64
"SCH";"Schänis";2003;"2003-08-14";2;"9905";"Fagus sylvatica";1;12.78
"SCH";"Schänis";2005;"2005-08-09";2;"9901";"Fagus sylvatica";1;15.63
"SCH";"Schänis";2005;"2005-08-09";2;"9902";"Fagus sylvatica";1;15.16
"SCH";"Schänis";2005;"2005-08-09";2;"9903";"Fagus sylvatica";1;15.2
"SCH";"Schänis";2005;"2005-08-09";2;"9904";"Fagus sylvatica";1;19.61
"SCH";"Schänis";2005;"2005-08-09";2;"9905";"Fagus sylvatica";1;9.03
"SCH";"Schänis";2007;"2007-08-24";2;"9901";"Fagus sylvatica";1;10.73
"SCH";"Schänis";2007;"2007-08-24";2;"9902";"Fagus sylvatica";1;14.97
"SCH";"Schänis";2007;"2007-08-24";2;"9903";"Fagus sylvatica";1;11.65
"SCH";"Schänis";2007;"2007-08-24";2;"9904";"Fagus sylvatica";1;15.8
"SCH";"Schänis";2007;"2007-08-24";2;"9905";"Fagus sylvatica";1;7.31
"SCH";"Schänis";2009;"2009-08-12";2;"9904";"Fagus sylvatica";1;10.12
"SCH";"Schänis";2009;"2009-08-12";2;"9905";"Fagus sylvatica";1;7.73
"SCH";"Schänis";2009;"2009-08-12";2;"9901";"Fagus sylvatica";1;11.75
"SCH";"Schänis";2009;"2009-08-12";2;"9902";"Fagus sylvatica";1;19.92
"SCH";"Schänis";2009;"2009-08-12";2;"9903";"Fagus sylvatica";1;10.74
"SCH";"Schänis";2011;"2011-08-11";2;"9903";"Fagus sylvatica";1;8.94
"SCH";"Schänis";2011;"2011-08-11";2;"9904";"Fagus sylvatica";1;8.93
"SCH";"Schänis";2011;"2011-08-11";2;"9905";"Fagus sylvatica";1;8.51
"SCH";"Schänis";2011;"2011-08-11";2;"9906";"Fagus sylvatica";1;6.47
"SCH";"Schänis";2011;"2011-08-11";2;"9901";"Fagus sylvatica";1;9.25
"SCH";"Schänis";2011;"2011-08-11";2;"9902";"Fagus sylvatica";1;8.59
"SCH";"Schänis";2013;"2013-08-20";2;"9901";"Fagus sylvatica";1;11.18
"SCH";"Schänis";2013;"2013-08-20";2;"9903";"Fagus sylvatica";1;11.17
"SCH";"Schänis";2013;"2013-08-20";2;"9906";"Fagus sylvatica";1;13.98
"SCH";"Schänis";2013;"2013-08-20";2;"9902";"Fagus sylvatica";1;14.25
"SCH";"Schänis";2013;"2013-08-20";2;"9905";"Fagus sylvatica";1;11.13
"SCH";"Schänis";2015;"2015-08-24";2;"9901";"Fagus sylvatica";1;10.32
"SCH";"Schänis";2015;"2015-08-24";2;"9902";"Fagus sylvatica";1;13.24
"SCH";"Schänis";2015;"2015-08-24";2;"9903";"Fagus sylvatica";1;13.09
"SCH";"Schänis";2015;"2015-08-24";2;"9905";"Fagus sylvatica";1;12.66
"SCH";"Schänis";2015;"2015-08-24";2;"9906";"Fagus sylvatica";1;14.91
"SCH";"Schänis";2016;"2016-08-25";2;"9901";"Fagus sylvatica";1;8.1
"SCH";"Schänis";2016;"2016-08-25";2;"9902";"Fagus sylvatica";1;9.57
"SCH";"Schänis";2016;"2016-08-25";2;"9903";"Fagus sylvatica";1;8.08
"SCH";"Schänis";2016;"2016-08-25";2;"9905";"Fagus sylvatica";1;7.67
"SCH";"Schänis";2016;"2016-08-25";2;"9906";"Fagus sylvatica";1;9.26
"SCH";"Schänis";2017;"2017-08-23";2;"9901";"Fagus sylvatica";1;14.55
"SCH";"Schänis";2017;"2017-08-23";2;"9902";"Fagus sylvatica";1;12.92
"SCH";"Schänis";2017;"2017-08-23";2;"9903";"Fagus sylvatica";1;11.34
"SCH";"Schänis";2017;"2017-08-23";2;"9905";"Fagus sylvatica";1;10.98
"SCH";"Schänis";2017;"2017-08-23";2;"9906";"Fagus sylvatica";1;14.58
"SCH";"Schänis";2019;"2019-08-22";2;"9901";"Fagus sylvatica";1;10
"SCH";"Schänis";2019;"2019-08-22";2;"9902";"Fagus sylvatica";1;10.6
"SCH";"Schänis";2019;"2019-08-22";2;"9903";"Fagus sylvatica";1;8.04
"SCH";"Schänis";2019;"2019-08-22";2;"9905";"Fagus sylvatica";1;13.73
"SCH";"Schänis";2019;"2019-08-22";2;"9906";"Fagus sylvatica";1;12.38
"SCH";"Schänis";2021;"2021-08-25";2;"9901";"Fagus sylvatica";1;13.87
"SCH";"Schänis";2021;"2021-08-25";2;"9903";"Fagus sylvatica";1;12.3
"SCH";"Schänis";2021;"2021-08-25";2;"9905";"Fagus sylvatica";1;11.15
"SCH";"Schänis";2021;"2021-08-25";2;"9906";"Fagus sylvatica";1;16.36
"SCH";"Schänis";2021;"2021-08-25";2;"9902";"Fagus sylvatica";1;11.44
"SCH";"Schänis";2023;"2023-08-22";2;"9905";"Fagus sylvatica";1;7.14
"SCH";"Schänis";2023;"2023-08-22";2;"9902";"Fagus sylvatica";1;11.15
"SCH";"Schänis";2023;"2023-08-22";2;"9903";"Fagus sylvatica";1;8.56
"SCH";"Schänis";2023;"2023-08-22";2;"9906";"Fagus sylvatica";1;7.59
"SCH";"Schänis";2023;"2023-08-22";2;"9901";"Fagus sylvatica";1;8.41
"SCH";"Schänis";2025;"2025-08-18";2;"9901";"Fagus sylvatica";1;12.22
"SCH";"Schänis";2025;"2025-08-18";2;"9902";"Fagus sylvatica";1;12.41
"SCH";"Schänis";2025;"2025-08-18";2;"9905";"Fagus sylvatica";1;9.87
"SCH";"Schänis";2025;"2025-08-18";2;"9903";"Fagus sylvatica";1;13.08
"SCH";"Schänis";2025;"2025-08-18";2;"9906";"Fagus sylvatica";1;14.54
"VIS";"Visp";2017;"2017-08-18";2;"9951";"Quercus petraea";1;15.06
"VIS";"Visp";2017;"2017-08-18";2;"9952";"Quercus petraea";1;12.16
"VIS";"Visp";2017;"2017-08-18";2;"9953";"Quercus petraea";1;19.91
"VIS";"Visp";2017;"2017-08-18";2;"9954";"Quercus petraea";1;11.48
"VIS";"Visp";2017;"2017-08-18";2;"9955";"Quercus petraea";1;13.06
"VIS";"Visp";2019;"2019-08-19";2;"9951";"Quercus petraea";1;16.56
"VIS";"Visp";2019;"2019-08-19";2;"9952";"Quercus petraea";1;11.8
"VIS";"Visp";2019;"2019-08-19";2;"9953";"Quercus petraea";1;23.05
"VIS";"Visp";2019;"2019-08-19";2;"9954";"Quercus petraea";1;16.4
"VIS";"Visp";2019;"2019-08-19";2;"9955";"Quercus petraea";1;15.33
"VIS";"Visp";2021;"2021-08-24";2;"9952";"Quercus petraea";1;13.58
"VIS";"Visp";2021;"2021-08-24";2;"9953";"Quercus petraea";1;15.85
"VIS";"Visp";2021;"2021-08-24";2;"9954";"Quercus petraea";1;14.66
"VIS";"Visp";2021;"2021-08-24";2;"9955";"Quercus petraea";1;15.56
"VIS";"Visp";2021;"2021-08-24";2;"9951";"Quercus petraea";1;12.02
"VIS";"Visp";2023;"2023-08-25";2;"9955";"Quercus petraea";1;11.16
"VIS";"Visp";2023;"2023-08-25";2;"9953";"Quercus petraea";1;28.37
"VIS";"Visp";2023;"2023-08-25";2;"9951";"Quercus petraea";1;21.84
"VIS";"Visp";2023;"2023-08-25";2;"9952";"Quercus petraea";1;11.08
"VIS";"Visp";2023;"2023-08-25";2;"9954";"Quercus petraea";1;13.68
"VIS";"Visp";2025;"2025-08-26";2;"9952";"Quercus petraea";1;13.56
"VIS";"Visp";2025;"2025-08-26";2;"9953";"Quercus petraea";1;19.51
"VIS";"Visp";2025;"2025-08-26";2;"9954";"Quercus petraea";1;14.46
"VIS";"Visp";2025;"2025-08-26";2;"9951";"Quercus petraea";1;14.77
"VIS";"Visp";2025;"2025-08-26";2;"9955";"Quercus petraea";1;16.45
"VOR";"Vordemwald";2009;"2009-08-27";2;"10011";"Fagus sylvatica";1;13.58
"VOR";"Vordemwald";2009;"2009-08-27";2;"10014";"Fagus sylvatica";1;15.26
"VOR";"Vordemwald";2009;"2009-08-27";2;"10017";"Fagus sylvatica";1;12.18
"VOR";"Vordemwald";2009;"2009-08-27";2;"10019";"Fagus sylvatica";1;14.07
"VOR";"Vordemwald";2009;"2009-08-27";2;"10028";"Fagus sylvatica";1;16.99
"VOR";"Vordemwald";2017;"2017-08-15";2;"10011";"Fagus sylvatica";1;13.3
"VOR";"Vordemwald";2017;"2017-08-15";2;"10014";"Fagus sylvatica";1;14.6
"VOR";"Vordemwald";2017;"2017-08-15";2;"10017";"Fagus sylvatica";1;9.96
"VOR";"Vordemwald";2017;"2017-08-15";2;"10019";"Fagus sylvatica";1;10.48
"VOR";"Vordemwald";2017;"2017-08-15";2;"10028";"Fagus sylvatica";1;10.07
